"status_type","status_published","num_comments","num_shares","num_likes","dow","moy","pos_emo_int"
"photo",2016-02-23 23:36:00,18,2,279,2,2,5022
"status",2016-02-20 01:50:00,13,1,68,6,2,884
"status",2016-02-18 10:51:00,19,0,106,4,2,2014
"status",2016-02-18 02:30:00,19,2,73,4,2,1387
"status",2016-02-16 22:07:00,14,0,68,2,2,952
"photo",2016-02-14 07:03:00,5,0,12,7,2,60
"photo",2016-02-14 07:03:00,4,0,10,7,2,40
"video",2016-02-13 09:34:00,0,0,35,6,2,0
"link",2016-02-13 04:45:00,1,0,40,6,2,40
"video",2016-02-12 22:48:00,9,4,44,5,2,396
"link",2016-02-12 22:41:00,0,0,6,5,2,0
"photo",2016-02-12 03:55:00,4,0,80,5,2,320
"photo",2016-02-12 03:55:00,8,0,83,5,2,664
"photo",2016-02-12 01:25:00,2,1,66,5,2,132
"photo",2016-02-09 05:26:00,3,0,421,2,2,1263
"photo",2016-02-08 05:36:00,5,1,246,1,2,1230
"photo",2016-02-07 10:36:00,0,0,151,7,2,0
"photo",2016-02-07 09:56:00,6,0,304,7,2,1824
"photo",2016-02-07 06:51:00,19,2,263,7,2,4997
"photo",2016-02-04 04:09:00,16,2,216,4,2,3456
"status",2016-02-02 01:32:00,9,0,42,2,2,378
"photo",2016-02-02 01:17:00,11,0,289,2,2,3179
"photo",2016-02-01 07:26:00,8,0,330,1,2,2640
"photo",2016-02-01 05:28:00,2,0,320,1,2,640
"photo",2016-02-01 04:27:00,9,0,355,1,2,3195
"photo",2016-01-31 11:08:00,4,0,242,7,1,968
"photo",2016-01-31 07:20:00,13,0,471,7,1,6123
"photo",2016-01-31 02:24:00,7,0,320,7,1,2240
"photo",2016-01-30 09:21:00,2,0,486,6,1,972
"photo",2016-01-30 04:46:00,6,0,353,6,1,2118
"photo",2016-01-30 04:22:00,10,0,469,6,1,4690
"photo",2016-01-30 03:03:00,37,1,271,6,1,10027
"photo",2016-01-30 00:55:00,3,0,228,6,1,684
"photo",2016-01-29 07:11:00,11,0,495,5,1,5445
"photo",2016-01-29 03:29:00,5,0,381,5,1,1905
"photo",2016-01-28 06:07:00,10,0,480,4,1,4800
"photo",2016-01-26 23:33:00,6,0,140,2,1,840
"photo",2016-01-25 02:08:00,11,0,443,1,1,4873
"photo",2016-01-24 01:14:00,1,16,182,7,1,182
"photo",2016-01-23 02:05:00,0,1,121,6,1,0
"photo",2016-01-22 03:01:00,9,0,49,5,1,441
"status",2016-01-20 05:30:00,0,0,227,3,1,0
"photo",2016-01-17 02:34:00,6,0,230,7,1,1380
"photo",2016-01-16 03:43:00,26,2,192,6,1,4992
"photo",2016-01-15 07:58:00,11,0,417,5,1,4587
"photo",2016-01-15 07:34:00,8,0,552,5,1,4416
"status",2016-01-15 01:33:00,12,0,111,5,1,1332
"photo",2016-01-13 03:11:00,19,1,130,3,1,2470
"photo",2016-01-11 10:42:00,11,0,100,1,1,1100
"video",2016-01-11 04:30:00,11,0,50,1,1,550
"photo",2016-01-11 01:56:00,16,191,385,1,1,6160
"photo",2016-01-10 22:55:00,16,2,108,7,1,1728
"photo",2016-01-08 10:30:00,12,0,368,5,1,4416
"photo",2016-01-05 02:45:00,18,0,307,2,1,5526
"photo",2016-01-05 02:44:00,4,1,176,2,1,704
"photo",2016-01-05 02:37:00,13,1,246,2,1,3198
"photo",2016-01-05 02:20:00,30,0,152,2,1,4560
"photo",2016-01-03 06:55:00,5,0,286,7,1,1430
"status",2016-01-03 04:28:00,8,0,108,7,1,864
"photo",2016-01-03 04:23:00,8,0,25,7,1,200
"photo",2016-01-03 04:23:00,2,0,21,7,1,42
"photo",2015-12-31 08:20:00,7,1,318,4,12,2226
"photo",2015-12-29 06:29:00,16,1,370,2,12,5920
"photo",2015-12-28 03:55:00,3,0,58,1,12,174
"photo",2015-12-28 03:54:00,0,0,45,1,12,0
"photo",2015-12-28 03:40:00,0,0,69,1,12,0
"photo",2015-12-28 02:18:00,2,0,135,1,12,270
"photo",2015-12-25 04:49:00,11,3,212,5,12,2332
"photo",2015-12-24 22:26:00,3,1,184,4,12,552
"photo",2015-12-24 10:40:00,0,0,103,4,12,0
"photo",2015-12-22 21:38:00,9,0,302,2,12,2718
"photo",2015-12-22 06:46:00,9,2,246,2,12,2214
"photo",2015-12-21 08:57:00,0,0,117,1,12,0
"photo",2015-12-21 06:57:00,12,0,52,1,12,624
"photo",2015-12-21 02:03:00,8,0,317,1,12,2536
"photo",2015-12-20 06:04:00,13,1,189,7,12,2457
"photo",2015-12-20 05:15:00,19,0,192,7,12,3648
"photo",2015-12-19 09:18:00,8,0,96,6,12,768
"photo",2015-12-18 06:27:00,11,0,112,5,12,1232
"photo",2015-12-18 00:22:00,12,0,124,5,12,1488
"photo",2015-12-17 12:26:00,5,0,155,4,12,775
"photo",2015-12-16 09:09:00,16,0,167,3,12,2672
"photo",2015-12-16 04:44:00,13,0,157,3,12,2041
"status",2015-12-15 11:33:00,7,0,101,2,12,707
"photo",2015-12-14 06:43:00,20,0,230,1,12,4600
"photo",2015-12-09 09:28:00,5,1,136,3,12,680
"photo",2015-12-09 01:47:00,0,0,131,3,12,0
"status",2015-12-07 07:02:00,18,0,128,1,12,2304
"photo",2015-12-05 23:43:00,13,0,129,6,12,1677
"status",2015-12-02 08:26:00,18,16,376,3,12,6768
"status",2015-12-02 06:38:00,9,1,68,3,12,612
"status",2015-11-30 07:29:00,2,2,142,1,11,284
"status",2015-11-24 02:12:00,12,2,106,2,11,1272
"photo",2015-11-23 07:49:00,3,0,88,1,11,264
"status",2015-11-22 23:39:00,9,0,49,7,11,441
"status",2015-11-21 08:01:00,12,7,1052,6,11,12624
"photo",2015-11-21 04:13:00,7,0,948,6,11,6636
"photo",2015-11-19 20:42:00,23,0,1552,4,11,35696
"photo",2015-11-19 20:38:00,14,1,1580,4,11,22120
"status",2015-11-16 21:58:00,6,0,1241,1,11,7446
"status",2015-11-16 03:07:00,9,0,1054,1,11,9486
"status",2015-11-15 20:41:00,10,0,954,7,11,9540
"status",2015-11-11 22:49:00,14,2,1014,3,11,14196
"status",2015-11-11 03:44:00,0,1,1768,3,11,0
"status",2015-11-11 02:22:00,13,1,951,3,11,12363
"status",2015-11-10 02:11:00,34,0,1223,2,11,41582
"status",2015-11-08 07:21:00,13,1,987,7,11,12831
"status",2015-11-08 00:02:00,67,2,2799,7,11,187533
"photo",2015-11-06 21:19:00,1,0,102,5,11,102
"photo",2015-11-06 20:46:00,3,0,160,5,11,480
"photo",2015-11-06 00:38:00,15,3,1575,5,11,23625
"status",2015-11-05 03:17:00,9,2,945,4,11,8505
"photo",2015-11-04 03:35:00,14,0,1194,3,11,16716
"status",2015-11-04 02:37:00,9,1,1339,3,11,12051
"status",2015-11-03 01:46:00,6,0,963,2,11,5778
"photo",2015-11-02 20:37:00,25,0,1145,1,11,28625
"status",2015-11-02 05:21:00,8,3,950,1,11,7600
"photo",2015-11-01 22:07:00,23,1,2024,7,11,46552
"status",2015-11-01 04:47:00,13,0,950,7,11,12350
"photo",2015-11-01 04:28:00,10,0,951,7,11,9510
"status",2015-11-01 02:07:00,10,0,974,7,11,9740
"photo",2015-10-31 23:58:00,57,0,1139,6,10,64923
"status",2015-10-31 23:46:00,5,0,1061,6,10,5305
"status",2015-10-31 06:21:00,10,0,1018,6,10,10180
"status",2015-10-30 06:42:00,10,1,991,5,10,9910
"photo",2015-10-30 05:11:00,4,0,952,5,10,3808
"photo",2015-10-30 01:34:00,22,0,1999,5,10,43978
"status",2015-10-30 01:33:00,17,1,1251,5,10,21267
"status",2015-10-29 23:43:00,9,0,968,4,10,8712
"status",2015-10-28 22:33:00,6,1,1338,3,10,8028
"photo",2015-10-28 07:42:00,5,0,948,3,10,4740
"photo",2015-10-28 06:29:00,0,0,1,3,10,0
"photo",2015-10-28 06:19:00,0,2,1914,3,10,0
"status",2015-10-28 04:32:00,5,0,1377,3,10,6885
"status",2015-10-28 04:13:00,13,1,1244,3,10,16172
"status",2015-10-27 19:36:00,3,0,948,2,10,2844
"status",2015-10-27 08:32:00,5,0,1229,2,10,6145
"status",2015-10-27 06:38:00,12,0,1363,2,10,16356
"status",2015-10-27 06:29:00,6,0,956,2,10,5736
"photo",2015-10-26 09:41:00,28,0,1080,1,10,30240
"status",2015-10-25 03:48:00,9,0,994,7,10,8946
"status",2015-10-24 23:37:00,7,0,1419,6,10,9933
"photo",2015-10-24 09:09:00,6,1,954,6,10,5724
"status",2015-10-24 07:25:00,1,0,550,6,10,550
"status",2015-10-24 06:55:00,6,0,549,6,10,3294
"photo",2015-10-24 03:18:00,154,64,1143,6,10,176022
"status",2015-10-24 03:10:00,10,1,1356,6,10,13560
"photo",2015-10-23 14:19:00,2,0,1774,5,10,3548
"status",2015-10-21 23:51:00,49,0,1230,3,10,60270
"photo",2015-10-21 23:01:00,14,4,1451,3,10,20314
"photo",2015-10-21 02:06:00,3,0,1784,3,10,5352
"status",2015-10-21 01:50:00,8,1,1983,3,10,15864
"photo",2015-10-20 22:02:00,11,0,2632,2,10,28952
"photo",2015-10-19 03:14:00,8,0,2166,1,10,17328
"status",2015-10-16 23:09:00,12,1,1218,5,10,14616
"photo",2015-10-16 21:45:00,129,105,1724,5,10,222396
"photo",2015-10-12 06:39:00,8,1,2773,1,10,22184
"status",2015-10-12 02:11:00,211,78,1259,1,10,265649
"status",2015-10-12 02:09:00,9,0,1270,1,10,11430
"photo",2015-10-10 03:14:00,8,0,1921,6,10,15368
"status",2015-10-09 01:37:00,222,72,1164,5,10,258408
"photo",2015-10-09 00:07:00,11,1,1029,5,10,11319
"video",2015-10-08 03:43:00,12,5,1197,4,10,14364
"video",2015-10-08 02:59:00,6,1,951,4,10,5706
"video",2015-10-08 00:50:00,14,11,121,4,10,1694
"status",2015-10-07 23:06:00,10,0,169,3,10,1690
"video",2015-10-07 01:18:00,14,11,2186,3,10,30604
"video",2015-10-07 01:00:00,7,0,1910,3,10,13370
"photo",2015-10-05 01:55:00,20,3,1069,1,10,21380
"status",2015-10-02 09:24:00,18,0,2177,5,10,39186
"photo",2015-09-28 06:32:00,13,0,1825,1,9,23725
"photo",2015-09-28 03:26:00,1,0,1880,1,9,1880
"photo",2015-09-28 00:08:00,10,0,1265,1,9,12650
"status",2015-09-25 07:44:00,260,72,2297,5,9,597220
"photo",2015-09-24 02:56:00,290,87,1700,4,9,493000
"photo",2015-09-24 01:49:00,2,0,976,4,9,1952
"photo",2015-09-23 04:13:00,21,3,1077,3,9,22617
"status",2015-09-20 22:53:00,330,72,1346,7,9,444180
"photo",2015-09-20 22:50:00,14,1,1188,7,9,16632
"status",2015-09-20 21:45:00,15,2,1081,7,9,16215
"photo",2015-09-16 07:16:00,28,3,1898,3,9,53144
"video",2015-09-15 12:25:00,15,19,1916,2,9,28740
"video",2015-09-14 01:43:00,17,23,1092,1,9,18564
"photo",2015-09-13 01:09:00,31,2,1566,7,9,48546
"status",2015-09-13 01:08:00,7,0,992,7,9,6944
"status",2015-09-13 01:03:00,199,62,1172,7,9,233228
"video",2015-09-13 00:24:00,12,14,1646,7,9,19752
"photo",2015-09-12 02:39:00,23,2,1966,6,9,45218
"video",2015-09-12 02:19:00,12,26,2020,6,9,24240
"photo",2015-09-11 10:15:00,29,2,2055,5,9,59595
"photo",2015-09-11 01:17:00,15,0,1830,5,9,27450
"status",2015-09-10 05:22:00,11,0,2244,4,9,24684
"photo",2015-09-10 04:53:00,10,8,1128,4,9,11280
"photo",2015-09-10 01:21:00,286,106,1842,4,9,526812
"photo",2015-09-07 22:14:00,13,1,2606,1,9,33878
"photo",2015-09-05 02:57:00,44,10,2153,6,9,94732
"photo",2015-09-04 00:58:00,225,76,2042,5,9,459450
"photo",2015-09-01 00:26:00,363,122,1125,2,9,408375
"photo",2015-08-30 03:46:00,32,1,2098,7,8,67136
"photo",2015-08-30 00:16:00,17,1,1956,7,8,33252
"photo",2015-08-29 23:40:00,24,1,2444,6,8,58656
"photo",2015-08-29 10:11:00,10,0,1803,6,8,18030
"status",2015-08-29 02:39:00,8,0,1042,6,8,8336
"photo",2015-08-28 23:39:00,27,1,1231,5,8,33237
"photo",2015-08-27 04:47:00,25,5,2045,4,8,51125
"video",2015-08-27 03:05:00,74,103,1915,4,8,141710
"photo",2015-08-27 00:19:00,21,8,1995,4,8,41895
"photo",2015-08-26 23:28:00,56,14,2183,3,8,122248
"photo",2015-08-26 03:58:00,297,92,1140,3,8,338580
"photo",2015-08-25 00:26:00,15,0,1805,2,8,27075
"photo",2015-08-25 00:13:00,354,119,1962,2,8,694548
"link",2015-08-19 20:38:00,8,0,1933,3,8,15464
"photo",2015-08-16 11:39:00,16,0,2636,7,8,42176
"photo",2015-08-14 23:34:00,284,78,2264,5,8,642976
"photo",2015-08-12 05:28:00,2,0,2606,3,8,5212
"photo",2015-08-07 22:40:00,13,0,1618,5,8,21034
"photo",2015-08-07 06:22:00,14,0,2947,5,8,41258
"photo",2015-08-06 22:32:00,206,64,2062,4,8,424772
"status",2015-08-06 03:48:00,13,0,1987,4,8,25831
"photo",2015-08-05 06:29:00,8,0,2265,3,8,18120
"video",2015-08-04 07:40:00,0,0,1249,2,8,0
"photo",2015-08-03 04:10:00,10,0,2791,1,8,27910
"link",2015-08-02 04:45:00,1,0,2214,7,8,2214
"photo",2015-08-01 22:40:00,4,41,2620,6,8,10480
"video",2015-08-01 01:59:00,7,4,2025,6,8,14175
"status",2015-07-29 02:57:00,6,1,1968,3,7,11808
"photo",2015-07-29 01:11:00,8,0,2204,3,7,17632
"photo",2015-07-19 04:41:00,361,93,2211,7,7,798171
"photo",2015-07-16 02:37:00,11,0,2399,4,7,26389
"photo",2015-07-16 01:49:00,390,122,2260,4,7,881400
"status",2015-07-15 03:14:00,10,0,1977,3,7,19770
"photo",2015-07-14 01:21:00,12,0,2348,2,7,28176
"photo",2015-07-09 21:58:00,32,0,2489,4,7,79648
"photo",2015-07-09 21:57:00,7,0,2293,4,7,16051
"photo",2015-07-09 03:55:00,10,0,2221,4,7,22210
"photo",2015-07-06 22:35:00,509,35,2314,1,7,1177826
"photo",2015-07-06 02:56:00,11,0,1279,1,7,14069
"photo",2015-07-05 00:51:00,11,0,2404,7,7,26444
"status",2015-07-04 00:48:00,32,0,2010,6,7,64320
"photo",2015-07-01 08:18:00,22,2,1191,3,7,26202
"photo",2015-06-29 23:44:00,10,0,1392,1,6,13920
"video",2015-06-26 01:46:00,10,9,2204,5,6,22040
"status",2015-06-26 01:11:00,17,1,1929,5,6,32793
"photo",2015-06-25 23:26:00,0,2,7,4,6,0
"photo",2015-06-25 07:51:00,1,0,12,4,6,12
"photo",2015-06-25 04:53:00,0,2,3,4,6,0
"status",2015-06-24 04:00:00,21,5,2303,3,6,48363
"video",2015-06-23 04:35:00,4,15,1926,2,6,7704
"video",2015-06-22 00:24:00,5,7,2288,1,6,11440
"status",2015-06-21 23:59:00,15,14,2419,7,6,36285
"status",2015-06-21 23:42:00,14,0,2297,7,6,32158
"status",2015-06-21 22:22:00,15,0,1888,7,6,28320
"video",2015-06-21 01:06:00,11,12,2033,7,6,22363
"photo",2015-06-21 01:01:00,22,0,2414,7,6,53108
"video",2015-06-20 02:48:00,12,1,1982,6,6,23784
"status",2015-06-20 01:16:00,13,1,2223,6,6,28899
"photo",2015-06-20 00:38:00,18,0,2341,6,6,42138
"status",2015-06-19 00:39:00,7,2,2101,5,6,14707
"video",2015-06-18 03:39:00,2,1,2201,4,6,4402
"video",2015-06-18 01:32:00,4,12,2020,4,6,8080
"link",2015-06-17 04:21:00,70,12,1940,3,6,135800
"photo",2015-06-16 23:41:00,12,0,2071,2,6,24852
"photo",2015-06-14 22:23:00,32,2,2080,7,6,66560
"photo",2015-06-12 09:02:00,17,0,2382,5,6,40494
"video",2015-06-10 09:00:00,5,8,2259,3,6,11295
"video",2015-06-10 09:00:00,2,9,55,3,6,110
"photo",2015-06-10 04:57:00,7,6,2242,3,6,15694
"photo",2015-06-08 11:00:00,16,0,2028,1,6,32448
"video",2015-06-08 05:05:00,1,6,2300,1,6,2300
"photo",2015-06-07 05:23:00,0,1,6,7,6,0
"video",2015-06-07 03:32:00,2,6,2273,7,6,4546
"photo",2015-06-05 22:20:00,36,4,2132,5,6,76752
"photo",2015-06-04 22:40:00,22,1,2074,4,6,45628
"photo",2015-06-04 22:32:00,30,1,2276,4,6,68280
"status",2015-06-04 02:18:00,14,2,2319,4,6,32466
"video",2015-06-03 04:25:00,3,7,2217,3,6,6651
"video",2015-06-02 04:59:00,13,18,2329,2,6,30277
"photo",2015-06-02 02:25:00,18,1,2174,2,6,39132
"video",2015-06-01 03:26:00,0,1,2252,1,6,0
"video",2015-05-31 03:21:00,3,0,2251,7,5,6753
"link",2015-05-22 08:21:00,26,0,1931,5,5,50206
"photo",2015-05-22 03:11:00,213,68,2095,5,5,446235
"photo",2015-05-22 03:09:00,28,0,2030,5,5,56840
"photo",2015-05-21 02:09:00,449,119,2634,4,5,1182666
"link",2015-05-20 08:00:00,35,1,2026,3,5,70910
"photo",2015-05-20 00:13:00,6,0,2118,3,5,12708
"photo",2015-05-19 21:42:00,28,2,2112,2,5,59136
"photo",2015-05-19 06:07:00,13,0,2675,2,5,34775
"photo",2015-05-18 22:55:00,11,0,2126,1,5,23386
"video",2015-05-18 06:20:00,179,48,2418,1,5,432822
"video",2015-05-18 02:43:00,4,1,1892,1,5,7568
"photo",2015-05-17 06:26:00,12,0,2462,7,5,29544
"video",2015-05-17 05:33:00,175,101,3639,7,5,636825
"video",2015-05-17 01:06:00,14,37,270,7,5,3780
"photo",2015-05-17 00:47:00,24,3,380,7,5,9120
"status",2015-05-16 09:52:00,16,0,421,6,5,6736
"photo",2015-05-12 05:51:00,8,0,2253,2,5,18024
"photo",2015-05-12 05:51:00,7,1,2346,2,5,16422
"video",2015-05-10 22:40:00,281,87,2999,7,5,842719
"video",2015-05-09 01:28:00,5,1,1904,6,5,9520
"photo",2015-05-08 04:21:00,4,0,2402,5,5,9608
"photo",2015-05-06 22:07:00,42,2,2239,3,5,94038
"status",2015-05-06 05:14:00,46,0,2332,3,5,107272
"video",2015-04-24 04:26:00,8,9,2374,5,4,18992
"photo",2015-04-23 21:45:00,10,0,2492,4,4,24920
"status",2015-04-23 09:05:00,22,1,2072,4,4,45584
"photo",2015-04-23 03:30:00,21,0,2826,4,4,59346
"photo",2015-04-23 03:25:00,3,0,2032,4,4,6096
"photo",2015-04-23 03:23:00,6,2,2154,4,4,12924
"photo",2015-04-23 03:21:00,3,1,1997,4,4,5991
"photo",2015-04-14 06:10:00,7,0,2320,2,4,16240
"photo",2015-04-12 13:53:00,10,0,2190,7,4,21900
"photo",2015-04-10 09:04:00,14,3,2545,5,4,35630
"photo",2015-04-10 07:55:00,8,0,2452,5,4,19616
"photo",2015-04-10 06:31:00,50,1,4710,5,4,235500
"photo",2015-04-10 06:07:00,8,0,2549,5,4,20392
"photo",2015-04-07 22:48:00,19,1,3190,2,4,60610
"photo",2015-04-07 22:40:00,12,0,3510,2,4,42120
"photo",2015-04-07 05:57:00,10,2,2255,2,4,22550
"photo",2015-04-07 05:56:00,5,1,2309,2,4,11545
"photo",2015-04-06 21:54:00,7,2,2051,1,4,14357
"photo",2015-04-03 22:31:00,11,0,2350,5,4,25850
"video",2015-03-25 03:09:00,19,1,2105,3,3,39995
"status",2015-03-25 00:46:00,108,0,2291,3,3,247428
"photo",2015-03-24 00:05:00,53,4,2349,2,3,124497
"photo",2015-03-22 04:53:00,19,0,2157,7,3,40983
"photo",2015-03-21 22:09:00,4,1,2151,6,3,8604
"photo",2015-03-21 04:15:00,23,0,2615,6,3,60145
"status",2015-03-20 00:04:00,32,1,2148,5,3,68736
"photo",2015-03-13 20:58:00,24,0,3115,5,3,74760
"photo",2015-03-12 09:39:00,16,0,1302,4,3,20832
"photo",2015-03-11 22:40:00,12,0,1815,3,3,21780
"photo",2015-03-11 04:27:00,20,0,1379,3,3,27580
"link",2015-03-10 20:50:00,3,26,1169,2,3,3507
"photo",2015-03-09 09:25:00,26,2,1509,1,3,39234
"photo",2015-03-09 08:31:00,6,0,956,1,3,5736
"photo",2015-03-07 22:53:00,10,0,1220,6,3,12200
"photo",2015-03-01 23:17:00,38,2,1601,7,3,60838
"status",2015-02-28 03:58:00,85,0,1496,6,2,127160
"video",2015-02-28 03:41:00,24,18,1103,6,2,26472
"status",2015-02-27 23:42:00,14,0,1526,5,2,21364
"photo",2015-02-26 22:49:00,32,4,1159,4,2,37088
"link",2015-02-24 07:19:00,14,4,1010,2,2,14140
"photo",2015-02-20 12:04:00,29,5,1182,5,2,34278
"photo",2015-02-19 06:01:00,11,1,1428,4,2,15708
"photo",2015-02-19 06:00:00,12,1,1473,4,2,17676
"photo",2015-02-19 01:40:00,5,0,1180,4,2,5900
"photo",2015-02-18 23:59:00,9,0,1864,3,2,16776
"link",2015-02-18 20:53:00,9,0,1032,3,2,9288
"photo",2015-02-18 00:48:00,15,1,1630,3,2,24450
"photo",2015-02-15 23:12:00,13,0,545,7,2,7085
"photo",2015-02-15 03:16:00,38,5,1193,7,2,45334
"photo",2015-02-14 23:20:00,11,1,1477,6,2,16247
"photo",2015-02-14 13:29:00,7,1,1272,6,2,8904
"photo",2015-02-13 22:50:00,21,0,1238,5,2,25998
"photo",2015-02-13 04:34:00,13,1,1500,5,2,19500
"status",2015-02-13 02:47:00,58,8,1917,5,2,111186
"photo",2015-02-11 22:18:00,66,6,1126,3,2,74316
"photo",2015-02-09 09:36:00,41,3,1246,1,2,51086
"photo",2015-02-08 05:35:00,25,2,1540,7,2,38500
"photo",2015-02-02 04:10:00,35,4,1282,1,2,44870
"photo",2015-02-01 03:14:00,42,6,1253,7,2,52626
"photo",2015-01-31 23:55:00,44,3,1484,6,1,65296
"photo",2015-01-29 22:47:00,40,3,1445,4,1,57800
"link",2015-01-29 22:27:00,16,8,1132,4,1,18112
"photo",2015-01-26 22:55:00,55,8,1610,1,1,88550
"video",2015-01-26 06:02:00,36,9,1714,1,1,61704
"video",2015-01-25 03:42:00,26,1,2785,7,1,72410
"photo",2015-01-24 23:02:00,17,2,1884,6,1,32028
"status",2015-01-24 23:01:00,6,0,1667,6,1,10002
"video",2015-01-23 23:14:00,9,5,1204,5,1,10836
"link",2015-01-23 19:58:00,0,0,1182,5,1,0
"link",2015-01-23 09:48:00,7,1,1212,5,1,8484
"photo",2015-01-23 08:27:00,24,1,2674,5,1,64176
"photo",2015-01-22 05:38:00,21,3,2054,4,1,43134
"photo",2015-01-19 00:45:00,51,4,1469,1,1,74919
"photo",2015-01-19 00:43:00,10,1,1668,1,1,16680
"photo",2015-01-18 22:12:00,9,1,2000,7,1,18000
"photo",2015-01-18 04:30:00,11,0,1497,7,1,16467
"link",2015-01-17 12:02:00,4,0,1342,6,1,5368
"photo",2015-01-15 23:09:00,6,0,1268,4,1,7608
"photo",2015-01-15 23:07:00,8,0,1428,4,1,11424
"photo",2015-01-14 08:17:00,5,0,1492,3,1,7460
"video",2015-01-13 05:58:00,122,98,2621,2,1,319762
"video",2015-01-13 00:12:00,14,29,1277,2,1,17878
"photo",2015-01-12 00:03:00,30,0,1833,1,1,54990
"status",2015-01-11 04:52:00,37,0,2149,7,1,79513
"photo",2015-01-10 23:32:00,46,9,1562,6,1,71852
"status",2015-01-10 23:09:00,3,1,98,6,1,294
"status",2015-01-10 22:22:00,43,0,264,6,1,11352
"photo",2015-01-10 05:21:00,13,4,1253,6,1,16289
"photo",2015-01-10 05:05:00,18,1,1300,6,1,23400
"photo",2015-01-09 23:53:00,8,0,1451,5,1,11608
"link",2015-01-07 02:59:00,6,1,1444,3,1,8664
"link",2015-01-07 02:59:00,0,0,1182,3,1,0
"photo",2015-01-07 02:03:00,28,5,366,3,1,10248
"photo",2015-01-02 23:16:00,6,0,1424,5,1,8544
"video",2015-01-02 03:41:00,23,47,1294,5,1,29762
"video",2014-12-10 07:42:00,113,38,1501,3,12,169613
"photo",2014-11-22 01:36:00,0,0,16,6,11,0
"photo",2014-11-21 05:13:00,0,0,40,5,11,0
"video",2014-10-25 09:12:00,131,50,1078,6,10,141218
"photo",2014-10-21 23:13:00,29,3,413,2,10,11977
"video",2014-10-19 06:14:00,243,65,1077,7,10,261711
"video",2014-10-18 05:50:00,196,64,860,6,10,168560
"video",2014-10-06 07:40:00,38,12,748,1,10,28424
"photo",2014-10-01 23:53:00,0,0,0,3,10,0
"video",2014-09-28 09:31:00,1,0,103,7,9,103
"photo",2014-09-12 22:16:00,0,1,9,5,9,0
"photo",2014-09-12 21:56:00,0,0,7,5,9,0
"photo",2014-09-12 21:30:00,0,0,10,5,9,0
"photo",2014-09-12 13:16:00,0,0,15,5,9,0
"photo",2014-09-12 13:11:00,0,3,16,5,9,0
"video",2014-08-24 02:04:00,11,0,616,7,8,6776
"video",2014-08-22 09:25:00,162,30,1781,5,8,288522
"video",2014-08-21 05:47:00,15,3,1343,4,8,20145
"video",2014-08-14 11:37:00,16,0,212,4,8,3392
"video",2014-08-06 05:56:00,5,1,1053,3,8,5265
"video",2014-07-28 04:11:00,17,0,1272,1,7,21624
"video",2014-07-27 01:54:00,58,36,2081,7,7,120698
"video",2014-07-20 03:32:00,67,15,2713,7,7,181771
"video",2014-07-20 03:02:00,22,7,1529,7,7,33638
"video",2014-07-16 20:43:00,9,0,753,3,7,6777
"video",2014-07-16 11:31:00,3,0,271,3,7,813
"video",2014-07-09 06:28:00,34,14,1429,3,7,48586
"video",2014-07-07 12:51:00,4,1,147,1,7,588
"video",2014-07-05 07:47:00,156,93,3730,6,7,581880
"video",2014-07-02 01:52:00,7,1,357,3,7,2499
"photo",2014-07-01 09:15:00,1,0,358,2,7,358
"video",2014-06-30 03:53:00,84,8,1211,1,6,101724
"video",2014-06-26 21:12:00,12,1,323,4,6,3876
"video",2014-06-21 11:54:00,4,0,169,6,6,676
"video",2014-06-18 09:27:00,25,7,774,3,6,19350
"video",2014-06-18 02:34:00,29,12,1058,3,6,30682
"video",2014-06-17 08:46:00,4,1,230,2,6,920
"video",2014-06-17 05:53:00,23,13,1204,2,6,27692
"video",2014-06-09 11:20:00,15,1,375,1,6,5625
"video",2014-06-09 11:10:00,15,0,300,1,6,4500
"video",2014-06-08 08:06:00,9,0,228,7,6,2052
"video",2014-06-08 03:11:00,9,1,435,7,6,3915
"video",2014-06-05 23:49:00,6,2,572,4,6,3432
"video",2014-06-05 06:32:00,19,1,532,4,6,10108
"video",2014-06-05 00:00:00,10,1,471,4,6,4710
"video",2014-06-04 10:38:00,31,2,640,3,6,19840
"photo",2014-06-03 01:32:00,3,20,376,2,6,1128
"video",2014-06-02 09:22:00,5,0,330,1,6,1650
"video",2014-06-01 07:16:00,41,2,591,7,6,24231
"video",2014-05-31 05:50:00,17,7,519,6,5,8823
"video",2014-05-31 00:24:00,4,0,437,6,5,1748
"video",2014-05-30 07:42:00,5,1,287,5,5,1435
"video",2014-05-30 07:30:00,38,0,482,5,5,18316
"video",2014-05-28 07:01:00,17,11,543,3,5,9231
"video",2014-05-27 23:41:00,14,0,463,2,5,6482
"photo",2014-05-25 22:03:00,3,0,272,7,5,816
"video",2014-05-25 07:12:00,5,0,432,7,5,2160
"video",2014-05-24 06:47:00,24,0,1013,6,5,24312
"video",2014-05-24 06:46:00,19,3,653,6,5,12407
"video",2014-05-24 06:28:00,6,0,148,6,5,888
"video",2014-05-23 03:37:00,7,0,433,5,5,3031
"video",2014-05-22 09:35:00,6,7,404,4,5,2424
"video",2014-05-22 07:51:00,7,0,616,4,5,4312
"video",2014-05-22 06:07:00,5,0,452,4,5,2260
"video",2014-05-20 23:20:00,6,0,457,2,5,2742
"video",2014-05-20 23:19:00,13,0,600,2,5,7800
"video",2014-05-19 10:38:00,7,1,345,1,5,2415
"video",2014-05-08 10:22:00,7,0,156,4,5,1092
"video",2014-05-08 10:20:00,11,7,227,4,5,2497
"video",2014-05-08 04:44:00,40,4,748,4,5,29920
"video",2014-05-06 11:40:00,3,2,406,2,5,1218
"video",2014-05-06 05:30:00,36,5,548,2,5,19728
"photo",2014-05-05 01:05:00,0,0,156,1,5,0
"video",2014-05-04 01:20:00,14,2,641,7,5,8974
"photo",2014-05-01 22:23:00,1,0,14,4,5,14
"video",2014-05-01 10:44:00,13,1,489,4,5,6357
"video",2014-04-30 00:58:00,30,0,644,3,4,19320
"video",2014-04-29 09:26:00,12,1,187,2,4,2244
"video",2014-04-28 05:44:00,23,2,893,1,4,20539
"video",2014-04-27 14:40:00,18,8,406,7,4,7308
"video",2014-04-27 13:08:00,10,1,329,7,4,3290
"video",2014-04-26 23:32:00,15,0,507,6,4,7605
"photo",2014-04-26 08:55:00,8,0,188,6,4,1504
"video",2014-04-26 01:14:00,6,0,359,6,4,2154
"video",2014-04-26 00:00:00,14,1,525,6,4,7350
"video",2014-04-25 23:52:00,12,0,306,5,4,3672
"video",2014-04-25 23:33:00,20,4,615,5,4,12300
"video",2014-04-25 22:57:00,10,0,572,5,4,5720
"video",2014-04-25 09:45:00,0,1,110,5,4,0
"video",2014-04-25 04:36:00,10,1,742,5,4,7420
"video",2014-04-24 04:58:00,17,1,596,4,4,10132
"video",2014-04-24 03:14:00,31,2,1230,4,4,38130
"video",2014-04-23 05:10:00,24,3,758,3,4,18192
"video",2014-04-22 13:31:00,9,12,322,2,4,2898
"video",2014-04-22 06:10:00,22,6,924,2,4,20328
"photo",2014-04-22 05:43:00,16,1,537,2,4,8592
"video",2014-04-20 12:27:00,4,0,433,7,4,1732
"video",2014-04-18 05:32:00,17,11,442,5,4,7514
"video",2014-04-17 00:44:00,19,0,544,4,4,10336
"video",2014-04-15 23:55:00,10,2,699,2,4,6990
"video",2014-04-15 17:52:00,48,5,1442,2,4,69216
"video",2014-04-11 06:12:00,3,2,332,5,4,996
"video",2014-04-11 01:07:00,16,2,972,5,4,15552
"video",2014-03-28 08:07:00,18,0,330,5,3,5940
"video",2014-03-27 09:45:00,30,2,1325,4,3,39750
"video",2014-03-25 12:31:00,234,5,1923,2,3,449982
"video",2014-03-22 08:44:00,107,1,1467,6,3,156969
"video",2014-03-22 06:38:00,36,5,1989,6,3,71604
"video",2014-03-22 00:54:00,9,0,779,6,3,7011
"video",2014-03-21 23:26:00,9,0,626,5,3,5634
"video",2014-03-21 09:38:00,14,2,493,5,3,6902
"video",2014-03-18 05:19:00,64,33,2520,2,3,161280
"video",2014-03-16 09:41:00,10,0,273,7,3,2730
"video",2014-03-16 01:19:00,50,3,2613,7,3,130650
"video",2014-03-15 15:12:00,44,3,2137,6,3,94028
"video",2014-03-15 07:49:00,9,1,665,6,3,5985
"video",2014-03-15 05:40:00,77,12,3919,6,3,301763
"video",2014-03-14 05:59:00,61,6,4094,5,3,249734
"video",2014-03-13 02:20:00,48,7,2836,4,3,136128
"video",2014-03-12 01:09:00,5,1,562,3,3,2810
"video",2014-03-11 23:48:00,26,2,767,2,3,19942
"video",2014-03-11 05:12:00,9,1,722,2,3,6498
"link",2014-03-10 22:34:00,0,0,37,1,3,0
"video",2014-03-10 09:58:00,8,1,637,1,3,5096
"video",2014-03-10 08:56:00,13,1,1347,1,3,17511
"video",2014-03-10 08:49:00,5,0,922,1,3,4610
"video",2014-03-10 06:12:00,6,2,108,1,3,648
"video",2014-03-10 05:42:00,10,2,685,1,3,6850
"video",2014-03-10 04:06:00,4,0,450,1,3,1800
"video",2014-03-09 10:17:00,0,3,353,7,3,0
"video",2014-03-09 09:50:00,3,0,458,7,3,1374
"video",2014-03-09 02:14:00,23,2,2669,7,3,61387
"video",2014-03-08 23:22:00,3,1,371,6,3,1113
"video",2014-03-08 23:04:00,8,1,973,6,3,7784
"video",2014-03-08 10:16:00,24,2,778,6,3,18672
"video",2014-03-08 09:25:00,2,0,551,6,3,1102
"video",2014-03-08 08:36:00,4,0,501,6,3,2004
"video",2014-03-08 08:07:00,17,1,493,6,3,8381
"video",2014-03-07 23:42:00,7,1,306,5,3,2142
"video",2014-03-06 11:15:00,6,1,405,4,3,2430
"video",2014-03-06 06:32:00,8,0,497,4,3,3976
"video",2014-03-06 06:16:00,11,0,782,4,3,8602
"video",2014-03-06 05:51:00,7,0,367,4,3,2569
"video",2014-03-06 05:29:00,16,0,500,4,3,8000
"video",2014-03-06 05:15:00,9,2,426,4,3,3834
"video",2014-03-04 10:52:00,24,1,880,2,3,21120
"video",2014-03-04 10:45:00,28,0,716,2,3,20048
"video",2014-03-04 05:50:00,17,1,461,2,3,7837
"video",2014-03-04 03:17:00,6,0,244,2,3,1464
"video",2014-03-03 10:09:00,18,1,589,1,3,10602
"video",2014-03-02 23:38:00,6,0,321,7,3,1926
"video",2014-03-02 23:37:00,10,0,396,7,3,3960
"video",2014-03-02 13:40:00,5,0,350,7,3,1750
"photo",2014-03-02 06:52:00,5,0,164,7,3,820
"video",2014-03-02 01:42:00,20,0,718,7,3,14360
"video",2014-02-28 13:49:00,12,0,196,5,2,2352
"video",2014-02-28 05:55:00,25,1,849,5,2,21225
"video",2014-02-25 12:09:00,6,3,109,2,2,654
"video",2014-02-24 06:05:00,7,2,413,1,2,2891
"video",2014-02-23 08:52:00,16,0,395,7,2,6320
"video",2014-02-23 08:36:00,12,0,425,7,2,5100
"video",2014-02-23 08:16:00,8,0,688,7,2,5504
"video",2014-02-23 08:04:00,6,0,313,7,2,1878
"video",2014-02-23 05:26:00,34,4,399,7,2,13566
"video",2014-02-23 01:54:00,46,5,714,7,2,32844
"video",2014-02-22 23:42:00,17,3,576,6,2,9792
"video",2014-02-22 01:46:00,15,0,462,6,2,6930
"photo",2014-02-21 00:04:00,2,0,41,5,2,82
"video",2014-02-20 20:12:00,17,0,469,4,2,7973
"photo",2014-02-17 10:29:00,2,0,17,1,2,34
"photo",2014-02-17 10:24:00,0,0,6,1,2,0
"photo",2014-02-17 09:16:00,10,0,344,1,2,3440
"video",2014-02-15 18:46:00,16,8,621,6,2,9936
"video",2014-02-15 00:00:00,13,1,603,6,2,7839
"video",2014-02-14 03:19:00,13,0,530,5,2,6890
"photo",2014-02-14 03:07:00,2,0,211,5,2,422
"video",2014-02-13 14:25:00,6,6,327,4,2,1962
"video",2014-02-13 12:09:00,21,11,505,4,2,10605
"video",2014-02-13 06:53:00,6,0,424,4,2,2544
"video",2014-02-13 05:26:00,10,2,514,4,2,5140
"video",2014-02-12 11:54:00,17,0,412,3,2,7004
"video",2014-02-12 09:20:00,4,0,150,3,2,600
"video",2014-02-12 05:40:00,4,0,233,3,2,932
"video",2014-02-10 00:00:00,22,3,906,1,2,19932
"video",2014-02-08 00:00:00,26,2,800,6,2,20800
"video",2014-02-05 12:01:00,10,0,279,3,2,2790
"video",2014-02-03 05:07:00,18,6,715,1,2,12870
"video",2014-02-02 14:08:00,46,4,969,7,2,44574
"video",2014-02-01 11:02:00,23,11,489,6,2,11247
"video",2014-02-01 01:18:00,25,3,294,6,2,7350
"video",2014-01-31 09:02:00,31,0,437,5,1,13547
"photo",2014-01-30 08:30:00,8,0,219,4,1,1752
"video",2014-01-29 05:28:00,9,0,267,3,1,2403
"video",2014-01-28 05:22:00,12,2,321,2,1,3852
"video",2014-01-28 05:07:00,3,0,190,2,1,570
"video",2014-01-28 04:26:00,14,0,318,2,1,4452
"video",2014-01-28 03:23:00,17,1,246,2,1,4182
"video",2014-01-28 00:00:00,9,0,327,2,1,2943
"video",2014-01-28 00:00:00,6,0,417,2,1,2502
"video",2014-01-27 10:21:00,5,0,317,1,1,1585
"video",2014-01-26 23:53:00,11,0,340,7,1,3740
"video",2014-01-26 10:42:00,12,0,385,7,1,4620
"video",2014-01-26 10:14:00,5,0,543,7,1,2715
"video",2014-01-26 04:53:00,32,6,981,7,1,31392
"video",2014-01-26 01:47:00,5,0,308,7,1,1540
"video",2014-01-24 06:51:00,5,1,425,5,1,2125
"video",2014-01-21 23:26:00,9,0,542,2,1,4878
"video",2014-01-21 06:47:00,2,0,254,2,1,508
"video",2014-01-20 09:59:00,36,0,325,1,1,11700
"video",2014-01-20 09:37:00,9,0,287,1,1,2583
"video",2014-01-19 02:37:00,8,0,247,7,1,1976
"video",2014-01-14 00:00:00,7,0,273,2,1,1911
"video",2014-01-12 12:10:00,30,1,396,7,1,11880
"video",2014-01-12 08:16:00,2,0,241,7,1,482
"video",2014-01-12 06:24:00,1,0,204,7,1,204
"video",2014-01-12 06:22:00,6,1,199,7,1,1194
"photo",2014-01-12 00:49:00,0,0,6,7,1,0
"video",2014-01-11 23:52:00,10,2,421,6,1,4210
"video",2014-01-11 02:10:00,7,0,240,6,1,1680
"video",2014-01-11 00:00:00,18,1,479,6,1,8622
"video",2014-01-10 09:38:00,7,0,282,5,1,1974
"video",2014-01-10 07:34:00,1,2,107,5,1,107
"video",2014-01-10 07:25:00,5,0,258,5,1,1290
"video",2014-01-08 12:43:00,31,4,799,3,1,24769
"video",2014-01-08 10:08:00,9,3,157,3,1,1413
"video",2014-01-08 07:58:00,19,1,358,3,1,6802
"photo",2014-01-08 03:36:00,1,0,45,3,1,45
"video",2014-01-08 02:40:00,2,0,155,3,1,310
"video",2014-01-07 23:15:00,21,5,328,2,1,6888
"video",2014-01-06 13:15:00,6,0,271,1,1,1626
"video",2014-01-05 14:29:00,10,1,202,7,1,2020
"video",2014-01-05 13:42:00,7,1,249,7,1,1743
"video",2014-01-05 09:23:00,31,1,460,7,1,14260
"video",2013-12-31 23:38:00,0,0,100,2,12,0
"video",2013-12-31 23:37:00,2,1,101,2,12,202
"video",2013-12-31 11:36:00,7,0,258,2,12,1806
"video",2013-12-31 10:36:00,5,0,152,2,12,760
"photo",2013-12-31 04:16:00,3,0,87,2,12,261
"photo",2013-12-28 06:29:00,4,0,46,6,12,184
"photo",2013-12-27 07:12:00,0,0,63,5,12,0
"video",2013-12-26 23:29:00,3,1,271,4,12,813
"video",2013-12-26 10:06:00,5,2,126,4,12,630
"video",2013-12-25 23:52:00,6,0,175,3,12,1050
"video",2013-12-25 23:38:00,0,1,47,3,12,0
"photo",2013-12-25 07:48:00,0,0,42,3,12,0
"photo",2013-12-25 07:45:00,1,0,53,3,12,53
"photo",2013-12-24 09:12:00,1,1,100,2,12,100
"photo",2013-12-24 06:39:00,1,0,41,2,12,41
"photo",2013-12-24 06:38:00,0,0,34,2,12,0
"video",2013-12-22 02:32:00,4,0,238,7,12,952
"video",2013-12-22 00:50:00,3,1,223,7,12,669
"photo",2013-12-21 22:08:00,0,0,75,6,12,0
"photo",2013-12-20 23:53:00,1,0,101,5,12,101
"photo",2013-12-20 06:01:00,0,0,51,5,12,0
"photo",2013-12-19 09:54:00,3,0,77,4,12,231
"video",2013-12-19 01:22:00,12,1,1190,4,12,14280
"photo",2013-12-19 00:01:00,0,0,9,4,12,0
"photo",2013-12-18 09:36:00,3,0,134,3,12,402
"photo",2013-12-18 06:56:00,0,0,72,3,12,0
"video",2013-12-18 00:14:00,6,0,188,3,12,1128
"video",2013-12-17 03:27:00,2,0,221,2,12,442
"video",2013-12-16 10:07:00,3,0,221,1,12,663
"photo",2013-12-16 03:21:00,3,0,94,1,12,282
"video",2013-12-15 23:14:00,3,0,82,7,12,246
"photo",2013-12-15 09:11:00,8,0,216,7,12,1728
"video",2013-12-15 05:04:00,0,0,110,7,12,0
"video",2013-12-14 10:09:00,0,0,348,6,12,0
"video",2013-12-14 09:36:00,13,0,225,6,12,2925
"photo",2013-12-14 07:11:00,1,0,80,6,12,80
"photo",2013-12-13 08:10:00,6,0,91,5,12,546
"photo",2013-12-13 08:09:00,11,0,184,5,12,2024
"video",2013-12-13 06:41:00,0,0,562,5,12,0
"photo",2013-12-13 03:37:00,0,0,184,5,12,0
"photo",2013-12-12 04:08:00,2,0,190,4,12,380
"video",2013-12-10 08:33:00,23,2,360,2,12,8280
"video",2013-12-09 08:27:00,0,0,57,1,12,0
"photo",2013-12-07 07:45:00,4,0,102,6,12,408
"photo",2013-12-07 00:09:00,2,0,152,6,12,304
"photo",2013-12-05 22:44:00,14,0,263,4,12,3682
"video",2013-12-05 13:36:00,1,0,62,4,12,62
"video",2013-12-05 08:49:00,18,0,126,4,12,2268
"photo",2013-12-04 01:34:00,3,0,114,3,12,342
"photo",2013-12-03 07:58:00,9,0,187,2,12,1683
"photo",2013-12-03 05:51:00,7,0,58,2,12,406
"photo",2013-12-03 05:50:00,3,0,46,2,12,138
"photo",2013-11-30 03:18:00,4,0,183,6,11,732
"photo",2013-11-27 20:57:00,11,0,99,3,11,1089
"photo",2013-11-27 20:56:00,0,0,51,3,11,0
"photo",2013-11-25 06:24:00,6,0,92,1,11,552
"photo",2013-11-25 06:21:00,6,0,103,1,11,618
"photo",2013-11-25 01:22:00,9,0,326,1,11,2934
"photo",2013-11-20 09:56:00,2,0,113,3,11,226
"photo",2013-11-20 00:24:00,0,0,61,3,11,0
"photo",2013-11-20 00:16:00,3,0,76,3,11,228
"photo",2013-11-20 00:15:00,1,0,66,3,11,66
"video",2013-11-19 10:01:00,34,9,638,2,11,21692
"video",2013-11-19 00:02:00,0,0,154,2,11,0
"video",2013-11-18 23:53:00,9,3,95,1,11,855
"photo",2013-11-18 23:39:00,0,0,29,1,11,0
"photo",2013-11-18 23:22:00,2,1,71,1,11,142
"video",2013-11-18 02:28:00,6,0,813,1,11,4878
"video",2013-11-18 01:32:00,44,7,506,1,11,22264
"photo",2013-11-17 22:00:00,7,0,68,7,11,476
"video",2013-11-17 08:16:00,11,0,174,7,11,1914
"photo",2013-11-17 04:55:00,4,0,105,7,11,420
"photo",2013-11-17 04:44:00,11,0,179,7,11,1969
"video",2013-11-16 00:00:00,6,0,191,6,11,1146
"video",2013-11-15 22:45:00,3,1,203,5,11,609
"photo",2013-11-15 21:53:00,52,2,277,5,11,14404
"video",2013-11-15 20:59:00,2,0,62,5,11,124
"video",2013-11-15 05:41:00,6,0,200,5,11,1200
"photo",2013-11-14 10:47:00,30,0,339,4,11,10170
"video",2013-11-12 10:29:00,10,1,178,2,11,1780
"photo",2013-11-12 08:07:00,0,0,23,2,11,0
"video",2013-11-11 19:09:00,11,0,65,1,11,715
"video",2013-11-11 09:39:00,7,6,250,1,11,1750
"photo",2013-11-08 21:50:00,0,0,59,5,11,0
"video",2013-11-06 11:12:00,12,3,110,3,11,1320
"video",2013-11-06 10:37:00,13,2,147,3,11,1911
"photo",2013-11-06 06:26:00,6,0,62,3,11,372
"video",2013-11-05 09:46:00,53,3,686,2,11,36358
"video",2013-11-05 05:09:00,5,2,351,2,11,1755
"video",2013-11-05 01:29:00,12,1,215,2,11,2580
"video",2013-11-04 10:25:00,6,6,100,1,11,600
"video",2013-11-04 10:16:00,1,1,131,1,11,131
"video",2013-11-04 06:10:00,22,12,560,1,11,12320
"video",2013-11-03 02:51:00,9,16,374,7,11,3366
"video",2013-11-02 23:42:00,22,7,559,6,11,12298
"video",2013-11-02 10:32:00,6,5,169,6,11,1014
"video",2013-11-02 07:39:00,9,9,473,6,11,4257
"video",2013-11-02 07:37:00,2,4,58,6,11,116
"video",2013-11-02 07:35:00,4,9,164,6,11,656
"video",2013-11-02 05:51:00,24,21,614,6,11,14736
"video",2013-11-02 03:57:00,2,4,211,6,11,422
"video",2013-11-02 03:55:00,9,3,129,6,11,1161
"video",2013-11-02 03:55:00,5,9,155,6,11,775
"video",2013-11-02 03:53:00,14,19,438,6,11,6132
"video",2013-11-01 23:55:00,20,24,304,5,11,6080
"video",2013-11-01 23:44:00,2,10,116,5,11,232
"video",2013-11-01 08:39:00,1,2,135,5,11,135
"photo",2013-11-01 01:06:00,9,0,115,5,11,1035
"photo",2013-10-31 06:39:00,3,0,128,4,10,384
"photo",2013-10-30 11:20:00,3,0,128,3,10,384
"photo",2013-10-29 08:07:00,4,4,55,2,10,220
"photo",2013-10-26 21:14:00,1,0,109,6,10,109
"photo",2013-10-26 07:09:00,0,0,58,6,10,0
"photo",2013-10-26 05:28:00,0,0,83,6,10,0
"photo",2013-10-26 05:27:00,6,0,164,6,10,984
"video",2013-10-26 00:14:00,9,0,210,6,10,1890
"video",2013-10-25 03:24:00,17,5,133,5,10,2261
"video",2013-10-24 12:36:00,6,6,91,4,10,546
"video",2013-10-24 10:13:00,13,0,226,4,10,2938
"video",2013-10-24 09:56:00,3,0,50,4,10,150
"video",2013-10-24 07:32:00,0,0,243,4,10,0
"video",2013-10-23 14:33:00,15,0,113,3,10,1695
"video",2013-10-23 11:49:00,5,5,243,3,10,1215
"video",2013-10-23 11:45:00,1,1,141,3,10,141
"video",2013-10-23 10:32:00,0,5,130,3,10,0
"video",2013-10-22 10:28:00,2,4,65,2,10,130
"photo",2013-10-21 02:28:00,3,0,3,1,10,9
"photo",2013-10-20 02:48:00,3,0,75,7,10,225
"video",2013-10-19 03:42:00,0,1,45,6,10,0
"video",2013-10-18 11:46:00,14,4,177,5,10,2478
"photo",2013-10-18 07:08:00,1,0,45,5,10,45
"photo",2013-10-18 03:05:00,8,0,93,5,10,744
"video",2013-10-18 02:00:00,0,2,73,5,10,0
"photo",2013-10-18 00:15:00,5,0,82,5,10,410
"video",2013-10-17 21:39:00,17,1,89,4,10,1513
"video",2013-10-17 09:29:00,5,3,52,4,10,260
"video",2013-10-17 09:22:00,5,3,52,4,10,260
"photo",2013-10-17 01:41:00,1,0,32,4,10,32
"photo",2013-10-17 01:14:00,18,0,140,4,10,2520
"photo",2013-10-16 23:32:00,5,0,113,3,10,565
"video",2013-10-16 12:09:00,86,3,1201,3,10,103286
"video",2013-10-16 11:41:00,22,4,1145,3,10,25190
"video",2013-10-16 11:36:00,5,5,107,3,10,535
"photo",2013-10-16 11:14:00,5,0,27,3,10,135
"photo",2013-10-16 10:16:00,9,0,101,3,10,909
"video",2013-10-15 21:01:00,8,3,160,2,10,1280
"video",2013-10-13 07:40:00,20,2,197,7,10,3940
"photo",2013-10-13 06:30:00,3,0,70,7,10,210
"video",2013-10-13 02:20:00,11,1,88,7,10,968
"photo",2013-10-13 01:49:00,1,0,22,7,10,22
"video",2013-10-12 10:21:00,5,0,265,6,10,1325
"photo",2013-10-11 20:57:00,4,7,73,5,10,292
"photo",2013-10-11 08:23:00,2,0,211,5,10,422
"video",2013-10-11 06:03:00,9,0,165,5,10,1485
"video",2013-10-11 01:47:00,6,1,190,5,10,1140
"video",2013-10-11 00:00:00,1,0,83,5,10,83
"photo",2013-10-10 10:25:00,1,0,51,4,10,51
"video",2013-10-10 08:49:00,15,14,386,4,10,5790
"video",2013-10-10 00:00:00,14,0,135,4,10,1890
"video",2013-10-09 22:38:00,35,2,273,3,10,9555
"video",2013-10-09 12:43:00,25,4,87,3,10,2175
"video",2013-10-09 00:40:00,30,2,240,3,10,7200
"photo",2013-10-08 07:26:00,1,0,47,2,10,47
"video",2013-10-07 10:35:00,7,16,23,1,10,161
"photo",2013-10-05 00:03:00,4,0,84,6,10,336
"photo",2013-10-03 12:48:00,0,0,18,4,10,0
"photo",2013-10-02 01:27:00,5,0,59,3,10,295
"photo",2013-09-29 01:15:00,0,0,44,7,9,0
"photo",2013-09-28 21:51:00,0,0,28,6,9,0
"photo",2013-09-28 21:48:00,1,0,30,6,9,30
"photo",2013-09-25 09:05:00,2,0,39,3,9,78
"photo",2013-09-25 03:29:00,0,1,17,3,9,0
"photo",2013-09-24 07:16:00,15,1,74,2,9,1110
"photo",2013-09-22 09:21:00,6,0,68,7,9,408
"photo",2013-09-17 00:59:00,2,10,65,2,9,130
"photo",2013-09-12 04:12:00,2,0,52,4,9,104
"photo",2013-09-12 02:34:00,8,0,78,4,9,624
"photo",2013-09-12 01:34:00,3,0,28,4,9,84
"photo",2013-09-11 21:38:00,5,0,63,3,9,315
"photo",2013-09-11 03:42:00,24,0,19,3,9,456
"photo",2013-09-11 03:34:00,22,0,21,3,9,462
"photo",2013-09-11 02:56:00,12,0,77,3,9,924
"video",2013-09-11 02:05:00,3,1,137,3,9,411
"photo",2013-09-11 00:12:00,16,1,537,3,9,8592
"photo",2013-09-10 23:42:00,5,1,57,2,9,285
"video",2013-09-10 04:07:00,11,0,144,2,9,1584
"photo",2013-09-09 10:13:00,1,0,13,1,9,13
"photo",2013-09-09 10:12:00,0,0,10,1,9,0
"video",2013-09-04 22:31:00,5,0,108,3,9,540
"photo",2013-09-03 02:57:00,0,0,49,2,9,0
"photo",2013-09-01 05:26:00,0,0,1,7,9,0
"photo",2013-08-28 02:04:00,1,0,29,3,8,29
"photo",2013-08-25 22:20:00,2,2,24,7,8,48
"photo",2013-08-10 23:20:00,17,0,156,6,8,2652
"photo",2013-08-06 12:17:00,1,0,56,2,8,56
"photo",2013-08-04 13:57:00,1,0,34,7,8,34
"photo",2013-08-01 00:48:00,1,0,16,4,8,16
"photo",2013-08-01 00:45:00,1,0,25,4,8,25
"photo",2013-07-31 11:15:00,4,1,38,3,7,152
"photo",2013-07-31 10:27:00,5,0,45,3,7,225
"photo",2013-07-31 04:52:00,2,0,74,3,7,148
"photo",2013-07-31 04:51:00,0,0,8,3,7,0
"photo",2013-07-30 21:20:00,0,0,2,2,7,0
"photo",2013-07-29 07:10:00,8,0,131,1,7,1048
"photo",2013-07-29 06:27:00,3,0,32,1,7,96
"photo",2013-07-29 06:24:00,1,1,14,1,7,14
"photo",2013-07-29 06:23:00,10,4,90,1,7,900
"photo",2013-07-24 21:55:00,2,0,122,3,7,244
"photo",2013-07-24 12:10:00,0,0,5,3,7,0
"photo",2013-07-24 07:12:00,5,1,97,3,7,485
"photo",2013-07-24 01:22:00,1,0,31,3,7,31
"photo",2013-07-24 00:56:00,4,0,80,3,7,320
"photo",2013-07-24 00:52:00,1,1,51,3,7,51
"photo",2013-07-24 00:50:00,0,0,38,3,7,0
"photo",2013-07-24 00:31:00,5,0,102,3,7,510
"photo",2013-07-20 09:25:00,10,1,92,6,7,920
"photo",2013-07-20 09:18:00,4,0,54,6,7,216
"photo",2013-07-20 09:13:00,4,0,44,6,7,176
"photo",2013-07-19 01:20:00,5,1,78,5,7,390
"photo",2013-07-18 23:20:00,10,1,66,4,7,660
"photo",2013-07-18 22:58:00,6,2,54,4,7,324
"photo",2013-07-18 11:53:00,0,0,25,4,7,0
"photo",2013-07-18 07:39:00,5,1,74,4,7,370
"photo",2013-07-18 07:34:00,7,1,79,4,7,553
"photo",2013-07-15 02:23:00,3,1,104,1,7,312
"photo",2013-07-08 00:07:00,7,0,38,1,7,266
"photo",2013-07-06 02:40:00,6,0,17,6,7,102
"photo",2013-07-05 09:29:00,8,0,75,5,7,600
"photo",2013-07-02 13:06:00,3,0,52,2,7,156
"photo",2013-07-02 02:41:00,0,5,38,2,7,0
"photo",2013-06-29 22:40:00,5,0,58,6,6,290
"photo",2013-06-29 10:48:00,1,2,12,6,6,12
"photo",2013-06-29 00:00:00,0,2,4,6,6,0
"photo",2013-06-28 04:28:00,4,0,28,5,6,112
"photo",2013-06-25 22:33:00,0,1,4,2,6,0
"photo",2013-06-25 03:09:00,0,0,51,2,6,0
"photo",2013-06-25 00:12:00,1,0,18,2,6,18
"photo",2013-06-23 03:18:00,0,0,45,7,6,0
"photo",2013-06-23 02:02:00,0,0,14,7,6,0
"photo",2013-06-21 22:56:00,1,0,54,5,6,54
"photo",2013-06-20 23:27:00,4,0,65,4,6,260
"photo",2013-06-20 03:33:00,0,0,73,4,6,0
"photo",2013-06-19 22:44:00,3,0,43,3,6,129
"photo",2013-06-17 00:06:00,4,1,28,1,6,112
"photo",2013-06-16 23:45:00,1,0,22,7,6,22
"photo",2013-06-16 07:46:00,3,0,39,7,6,117
"photo",2013-06-15 06:43:00,8,0,62,6,6,496
"photo",2013-06-15 03:59:00,2,0,20,6,6,40
"photo",2013-06-15 03:57:00,0,0,17,6,6,0
"photo",2013-06-15 02:44:00,7,0,49,6,6,343
"photo",2013-06-15 01:55:00,7,0,62,6,6,434
"photo",2013-06-15 01:42:00,2,0,43,6,6,86
"photo",2013-06-14 13:55:00,1,0,30,5,6,30
"photo",2013-06-14 09:53:00,0,0,28,5,6,0
"photo",2013-06-14 08:05:00,2,2,49,5,6,98
"photo",2013-06-13 08:41:00,6,0,67,4,6,402
"photo",2013-06-13 03:26:00,1,0,20,4,6,20
"photo",2013-06-13 01:13:00,5,0,81,4,6,405
"photo",2013-06-11 23:17:00,6,1,58,2,6,348
"photo",2013-06-11 09:22:00,5,0,13,2,6,65
"photo",2013-06-09 08:15:00,0,0,47,7,6,0
"photo",2013-06-09 00:00:00,0,2,7,7,6,0
"photo",2013-06-08 06:52:00,2,1,62,6,6,124
"photo",2013-06-08 06:44:00,6,0,84,6,6,504
"photo",2013-06-07 02:39:00,2,0,23,5,6,46
"photo",2013-06-07 01:13:00,4,0,19,5,6,76
"photo",2013-06-03 07:08:00,0,1,13,1,6,0
"photo",2013-06-02 17:03:00,1,1,8,7,6,8
"photo",2013-06-02 11:00:00,1,0,35,7,6,35
"photo",2013-06-02 03:47:00,0,0,37,7,6,0
"photo",2013-06-01 00:07:00,10,0,73,6,6,730
"photo",2013-05-31 20:55:00,9,0,114,5,5,1026
"photo",2013-05-30 23:43:00,6,0,69,4,5,414
"photo",2013-05-30 18:35:00,0,0,43,4,5,0
"photo",2013-05-30 18:34:00,3,0,106,4,5,318
"photo",2013-05-29 08:18:00,2,0,69,3,5,138
"photo",2013-05-29 08:17:00,2,0,65,3,5,130
"photo",2013-05-28 03:15:00,0,0,52,2,5,0
"photo",2013-05-28 03:13:00,1,0,79,2,5,79
"photo",2013-05-28 03:13:00,1,0,49,2,5,49
"photo",2013-05-25 23:32:00,0,0,31,6,5,0
"photo",2013-05-20 11:34:00,0,2,7,1,5,0
"photo",2013-05-19 21:29:00,0,2,6,7,5,0
"photo",2013-05-19 15:47:00,0,0,7,7,5,0
"photo",2013-05-19 15:46:00,1,1,5,7,5,5
"photo",2013-05-19 05:23:00,1,0,18,7,5,18
"photo",2013-05-19 04:57:00,0,7,32,7,5,0
"photo",2013-05-18 11:40:00,1,0,33,6,5,33
"photo",2013-05-16 11:29:00,0,0,97,4,5,0
"photo",2013-05-15 07:57:00,16,0,102,3,5,1632
"photo",2013-05-14 01:31:00,10,0,38,2,5,380
"photo",2013-05-12 05:16:00,2,0,16,7,5,32
"photo",2013-05-09 00:00:00,1,2,3,4,5,3
"photo",2013-05-07 22:31:00,0,5,27,2,5,0
"photo",2013-05-07 22:00:00,4,35,78,2,5,312
"photo",2013-05-05 05:20:00,0,0,29,7,5,0
"photo",2013-05-02 02:02:00,9,0,66,4,5,594
"photo",2013-05-02 00:30:00,16,0,78,4,5,1248
"photo",2013-04-27 13:02:00,9,1,57,6,4,513
"photo",2013-04-27 08:20:00,4,0,19,6,4,76
"photo",2013-04-27 08:01:00,14,0,82,6,4,1148
"photo",2013-04-27 06:02:00,4,1,5,6,4,20
"photo",2013-04-25 05:01:00,5,0,52,4,4,260
"photo",2013-04-24 23:52:00,14,0,45,3,4,630
"status",2013-04-24 01:23:00,19,11,41,3,4,779
"photo",2013-04-23 08:16:00,10,0,55,2,4,550
"photo",2013-04-23 04:05:00,1,0,40,2,4,40
"photo",2013-04-23 00:52:00,4,0,48,2,4,192
"photo",2013-04-22 23:46:00,7,0,53,1,4,371
"photo",2013-04-22 11:55:00,0,0,5,1,4,0
"photo",2013-04-22 10:41:00,0,0,0,1,4,0
"photo",2013-04-22 10:16:00,6,0,74,1,4,444
"photo",2013-04-22 00:00:00,1,2,7,1,4,7
"photo",2013-04-19 03:04:00,214,0,96,5,4,20544
"photo",2013-04-16 01:16:00,2,0,43,2,4,86
"photo",2013-04-09 07:58:00,3,0,13,2,4,39
"photo",2013-04-09 07:51:00,3,0,28,2,4,84
"photo",2013-04-09 02:37:00,0,1,34,2,4,0
"photo",2013-04-08 23:18:00,1,0,83,1,4,83
"photo",2013-04-08 09:23:00,0,0,7,1,4,0
"photo",2013-04-08 03:45:00,0,0,34,1,4,0
"photo",2013-04-08 01:54:00,3,0,97,1,4,291
"photo",2013-04-07 09:13:00,4,0,24,7,4,96
"photo",2013-04-07 08:11:00,18,0,106,7,4,1908
"photo",2013-04-07 05:50:00,4,0,131,7,4,524
"photo",2013-04-06 11:20:00,7,0,132,6,4,924
"photo",2013-04-06 09:10:00,5,0,79,6,4,395
"photo",2013-04-05 10:49:00,2,7,71,5,4,142
"photo",2013-04-05 00:14:00,8,5,55,5,4,440
"photo",2013-04-04 21:43:00,9,0,51,4,4,459
"photo",2013-04-04 12:03:00,3,1,46,4,4,138
"photo",2013-04-04 10:02:00,2,2,5,4,4,10
"photo",2013-04-03 05:50:00,5,0,52,3,4,260
"photo",2013-04-03 03:46:00,0,0,18,3,4,0
"photo",2013-04-02 11:44:00,13,0,207,2,4,2691
"photo",2013-04-02 09:20:00,5,0,105,2,4,525
"photo",2013-04-02 08:55:00,0,0,30,2,4,0
"photo",2013-03-31 23:22:00,0,0,32,7,3,0
"photo",2013-03-31 09:57:00,10,0,44,7,3,440
"photo",2013-03-31 09:57:00,28,1,100,7,3,2800
"photo",2013-03-30 03:34:00,4,0,58,6,3,232
"photo",2013-03-29 03:29:00,1,0,22,5,3,22
"photo",2013-03-29 01:57:00,0,0,26,5,3,0
"photo",2013-03-28 01:52:00,4,0,45,4,3,180
"photo",2013-03-28 00:36:00,0,0,21,4,3,0
"photo",2013-03-26 03:18:00,15,0,75,2,3,1125
"photo",2013-03-26 03:05:00,0,1,21,2,3,0
"photo",2013-03-25 10:29:00,23,0,72,1,3,1656
"photo",2013-03-25 05:14:00,1,0,50,1,3,50
"photo",2013-03-25 02:38:00,6,0,26,1,3,156
"photo",2013-03-24 23:02:00,9,0,46,7,3,414
"photo",2013-03-24 23:01:00,7,0,80,7,3,560
"photo",2013-03-24 03:21:00,11,0,41,7,3,451
"photo",2013-03-23 10:41:00,6,0,69,6,3,414
"photo",2013-03-21 11:33:00,2,2,3,4,3,6
"photo",2013-03-20 01:07:00,4,0,21,3,3,84
"photo",2013-03-16 22:24:00,1,0,64,6,3,64
"photo",2013-03-13 11:58:00,19,0,60,3,3,1140
"photo",2013-03-13 01:14:00,3,0,25,3,3,75
"photo",2013-03-11 10:41:00,17,0,48,1,3,816
"photo",2013-03-10 10:02:00,4,0,45,7,3,180
"photo",2013-03-10 04:23:00,0,1,2,7,3,0
"photo",2013-03-09 09:22:00,0,1,7,6,3,0
"photo",2013-03-08 22:07:00,13,0,61,5,3,793
"photo",2013-03-08 07:03:00,9,0,16,5,3,144
"photo",2013-03-08 02:07:00,3,0,27,5,3,81
"photo",2013-03-07 23:11:00,16,11,42,4,3,672
"photo",2013-03-07 11:46:00,0,0,65,4,3,0
"photo",2013-03-06 11:21:00,4,0,44,3,3,176
"photo",2013-03-06 06:39:00,12,0,55,3,3,660
"photo",2013-03-06 06:05:00,7,0,59,3,3,413
"photo",2013-03-06 05:50:00,6,0,51,3,3,306
"photo",2013-03-04 05:35:00,1,0,41,1,3,41
"photo",2013-03-04 01:33:00,5,0,12,1,3,60
"photo",2013-03-04 00:47:00,7,0,57,1,3,399
"photo",2013-03-03 23:14:00,7,0,55,7,3,385
"photo",2013-03-03 23:07:00,4,0,76,7,3,304
"photo",2013-03-02 08:35:00,14,0,103,6,3,1442
"photo",2013-03-02 08:33:00,2,0,46,6,3,92
"photo",2013-03-01 08:51:00,14,0,74,5,3,1036
"photo",2013-02-28 09:15:00,0,0,25,4,2,0
"photo",2013-02-28 09:05:00,0,0,34,4,2,0
"photo",2013-02-28 08:44:00,1,0,50,4,2,50
"photo",2013-02-28 08:35:00,0,0,47,4,2,0
"photo",2013-02-28 05:07:00,2,0,64,4,2,128
"photo",2013-02-27 05:49:00,1,0,40,3,2,40
"photo",2013-02-27 05:21:00,1,0,58,3,2,58
"photo",2013-02-27 05:12:00,3,0,67,3,2,201
"photo",2013-02-26 07:44:00,3,0,50,2,2,150
"photo",2013-02-26 07:24:00,1,0,53,2,2,53
"photo",2013-02-26 07:11:00,8,0,67,2,2,536
"photo",2013-02-26 07:06:00,12,0,90,2,2,1080
"photo",2013-02-26 06:47:00,2,0,60,2,2,120
"photo",2013-02-25 10:37:00,8,0,30,1,2,240
"photo",2013-02-25 10:24:00,10,0,52,1,2,520
"photo",2013-02-25 09:37:00,0,0,5,1,2,0
"photo",2013-02-24 07:16:00,14,0,56,7,2,784
"photo",2013-02-24 07:14:00,2,0,26,7,2,52
"photo",2013-02-24 04:55:00,11,0,71,7,2,781
"photo",2013-02-24 01:51:00,4,0,53,7,2,212
"photo",2013-02-23 12:28:00,2,0,35,6,2,70
"photo",2013-02-20 23:46:00,2,0,31,3,2,62
"photo",2013-02-20 11:17:00,0,0,45,3,2,0
"photo",2013-02-20 11:11:00,1,0,20,3,2,20
"photo",2013-02-19 21:06:00,2,2,3,2,2,6
"photo",2013-02-18 04:15:00,0,0,48,1,2,0
"photo",2013-02-18 04:14:00,0,0,18,1,2,0
"photo",2013-02-17 08:59:00,10,0,56,7,2,560
"photo",2013-02-17 03:58:00,2,1,64,7,2,128
"photo",2013-02-16 07:52:00,0,0,63,6,2,0
"photo",2013-02-16 07:21:00,9,2,40,6,2,360
"photo",2013-02-16 06:11:00,1,0,92,6,2,92
"photo",2013-02-16 03:05:00,0,0,53,6,2,0
"photo",2013-02-15 09:47:00,0,0,33,5,2,0
"photo",2013-02-15 09:00:00,6,0,84,5,2,504
"photo",2013-02-15 08:51:00,11,0,87,5,2,957
"photo",2013-02-15 07:59:00,0,0,26,5,2,0
"photo",2013-02-15 05:51:00,0,0,22,5,2,0
"photo",2013-02-15 03:35:00,0,5,78,5,2,0
"photo",2013-02-15 02:54:00,6,7,67,5,2,402
"photo",2013-02-11 03:53:00,1,0,26,1,2,26
"photo",2013-02-11 03:52:00,0,0,14,1,2,0
"photo",2013-02-10 00:55:00,0,0,18,7,2,0
"photo",2013-02-08 00:59:00,0,0,24,5,2,0
"photo",2013-02-08 00:37:00,0,0,27,5,2,0
"photo",2013-02-07 11:41:00,11,0,30,4,2,330
"photo",2013-02-03 06:43:00,4,0,34,7,2,136
"photo",2013-02-03 06:30:00,1,1,26,7,2,26
"photo",2013-02-03 00:37:00,4,0,38,7,2,152
"photo",2013-02-03 00:13:00,5,0,55,7,2,275
"photo",2013-02-02 21:06:00,9,0,80,6,2,720
"photo",2013-02-02 08:30:00,3,0,33,6,2,99
"photo",2013-02-02 08:24:00,10,0,44,6,2,440
"photo",2013-02-02 08:17:00,7,0,41,6,2,287
"photo",2013-02-02 08:12:00,3,0,30,6,2,90
"photo",2013-01-31 07:10:00,0,0,34,4,1,0
"photo",2013-01-31 07:09:00,0,0,30,4,1,0
"photo",2013-01-31 05:51:00,9,0,38,4,1,342
"photo",2013-01-31 05:37:00,4,1,24,4,1,96
"photo",2013-01-31 04:34:00,2,0,37,4,1,74
"photo",2013-01-31 03:35:00,3,0,18,4,1,54
"photo",2013-01-30 23:57:00,15,0,55,3,1,825
"photo",2013-01-30 09:25:00,3,0,54,3,1,162
"photo",2013-01-30 09:22:00,11,0,67,3,1,737
"photo",2013-01-30 04:37:00,18,0,94,3,1,1692
"photo",2013-01-29 09:09:00,2,0,41,2,1,82
"photo",2013-01-29 08:57:00,2,0,36,2,1,72
"photo",2013-01-29 08:56:00,3,1,65,2,1,195
"photo",2013-01-26 08:31:00,6,0,90,6,1,540
"photo",2013-01-26 05:47:00,2,0,42,6,1,84
"photo",2013-01-25 11:29:00,4,0,48,5,1,192
"photo",2013-01-25 00:50:00,10,0,45,5,1,450
"photo",2013-01-24 10:12:00,2,0,47,4,1,94
"photo",2013-01-24 10:10:00,4,0,31,4,1,124
"photo",2013-01-24 05:00:00,23,0,105,4,1,2415
"photo",2013-01-23 13:44:00,0,0,48,3,1,0
"photo",2013-01-22 10:09:00,5,0,37,2,1,185
"photo",2013-01-21 11:40:00,2,2,5,1,1,10
"photo",2013-01-21 05:06:00,0,0,11,1,1,0
"photo",2013-01-18 22:47:00,11,1,27,5,1,297
"photo",2013-01-18 09:10:00,0,0,2,5,1,0
"photo",2013-01-17 13:22:00,1,0,43,4,1,43
"photo",2013-01-16 22:25:00,4,0,46,3,1,184
"photo",2013-01-16 10:01:00,3,0,53,3,1,159
"photo",2013-01-16 00:05:00,1,0,10,3,1,10
"photo",2013-01-15 21:13:00,5,0,22,2,1,110
"photo",2013-01-15 06:26:00,3,1,12,2,1,36
"photo",2013-01-14 04:40:00,6,0,50,1,1,300
"photo",2013-01-13 23:29:00,13,0,47,7,1,611
"photo",2013-01-13 09:46:00,0,2,14,7,1,0
"photo",2013-01-13 09:20:00,0,0,1,7,1,0
"photo",2013-01-13 04:43:00,18,0,25,7,1,450
"photo",2013-01-13 04:11:00,0,0,16,7,1,0
"photo",2013-01-13 03:24:00,2,0,46,7,1,92
"photo",2013-01-13 03:23:00,1,0,76,7,1,76
"photo",2013-01-13 00:41:00,0,0,16,7,1,0
"photo",2013-01-12 23:54:00,1,0,40,6,1,40
"photo",2013-01-12 06:48:00,15,0,83,6,1,1245
"photo",2013-01-12 02:15:00,28,1,89,6,1,2492
"photo",2013-01-11 13:00:00,0,0,30,5,1,0
"photo",2013-01-11 11:55:00,0,0,12,5,1,0
"photo",2013-01-11 00:25:00,17,0,52,5,1,884
"photo",2013-01-10 20:49:00,19,0,58,4,1,1102
"photo",2013-01-10 04:27:00,4,0,22,4,1,88
"photo",2013-01-10 01:07:00,0,0,6,4,1,0
"photo",2013-01-09 22:27:00,2,0,30,3,1,60
"photo",2013-01-09 02:50:00,5,0,58,3,1,290
"photo",2013-01-09 00:41:00,4,5,32,3,1,128
"photo",2013-01-08 09:47:00,5,0,48,2,1,240
"photo",2013-01-08 08:28:00,4,0,43,2,1,172
"photo",2013-01-06 09:25:00,0,0,30,7,1,0
"photo",2013-01-06 02:24:00,3,0,41,7,1,123
"photo",2013-01-06 02:15:00,10,0,42,7,1,420
"photo",2013-01-05 09:54:00,6,0,59,6,1,354
"photo",2013-01-04 07:23:00,0,0,17,5,1,0
"photo",2013-01-03 09:39:00,0,0,47,4,1,0
"photo",2013-01-03 09:17:00,5,2,14,4,1,70
"photo",2013-01-03 01:30:00,1,0,12,4,1,12
"status",2013-01-02 09:06:00,23,4,30,3,1,690
"photo",2013-01-02 02:23:00,3,1,25,3,1,75
"photo",2012-12-23 03:11:00,0,0,0,7,12,0
"photo",2012-12-21 06:02:00,1,0,4,5,12,4
"photo",2012-12-13 11:36:00,0,0,3,4,12,0
"photo",2012-11-18 09:50:00,1,1,5,7,11,5
"photo",2012-11-18 09:16:00,0,0,2,7,11,0
"photo",2012-11-09 03:28:00,6,0,11,5,11,66
"photo",2012-11-09 00:54:00,10,0,38,5,11,380
"photo",2012-11-08 03:32:00,0,0,13,4,11,0
"photo",2012-11-08 03:28:00,0,0,19,4,11,0
"photo",2012-11-07 02:46:00,1,0,15,3,11,15
"photo",2012-11-06 05:23:00,4,0,21,2,11,84
"photo",2012-11-05 05:19:00,2,0,42,1,11,84
"photo",2012-11-05 05:07:00,0,0,12,1,11,0
"photo",2012-11-05 05:03:00,4,0,19,1,11,76
"photo",2012-11-05 04:55:00,2,0,24,1,11,48
"photo",2012-11-05 04:51:00,1,0,32,1,11,32
"photo",2012-11-05 04:32:00,8,0,15,1,11,120
"photo",2012-11-05 03:59:00,4,0,22,1,11,88
"photo",2012-11-05 02:05:00,8,0,33,1,11,264
"photo",2012-11-04 10:50:00,6,0,11,7,11,66
"photo",2012-11-04 04:56:00,6,0,47,7,11,282
"photo",2012-11-04 04:00:00,7,0,41,7,11,287
"photo",2012-11-04 02:27:00,4,0,29,7,11,116
"photo",2012-11-03 08:10:00,7,0,48,6,11,336
"photo",2012-11-03 06:23:00,8,0,13,6,11,104
"photo",2012-11-03 01:39:00,2,0,32,6,11,64
"photo",2012-11-02 11:09:00,8,0,42,5,11,336
"photo",2012-11-02 11:05:00,5,0,26,5,11,130
"photo",2012-11-02 09:41:00,25,0,67,5,11,1675
"photo",2012-11-02 04:01:00,4,0,23,5,11,92
"photo",2012-11-01 09:35:00,4,0,33,4,11,132
"photo",2012-11-01 08:58:00,3,0,25,4,11,75
"photo",2012-11-01 00:48:00,4,0,22,4,11,88
"photo",2012-10-31 12:38:00,0,0,26,3,10,0
"photo",2012-10-31 09:44:00,10,0,38,3,10,380
"photo",2012-10-31 09:29:00,19,0,50,3,10,950
"photo",2012-10-31 02:05:00,1,0,29,3,10,29
"photo",2012-10-30 19:13:00,0,0,26,2,10,0
"photo",2012-10-30 07:15:00,1,0,25,2,10,25
"photo",2012-10-30 06:43:00,0,0,15,2,10,0
"photo",2012-10-30 04:25:00,0,0,18,2,10,0
"photo",2012-10-30 02:23:00,4,0,28,2,10,112
"photo",2012-10-29 12:10:00,23,0,14,1,10,322
"photo",2012-10-28 03:46:00,2,0,20,7,10,40
"photo",2012-10-27 09:38:00,21,0,17,6,10,357
"photo",2012-10-27 02:28:00,0,0,34,6,10,0
"photo",2012-10-26 03:49:00,11,0,17,5,10,187
"photo",2012-10-24 22:28:00,6,0,40,3,10,240
"photo",2012-10-24 01:37:00,5,0,21,3,10,105
"photo",2012-10-24 01:19:00,4,0,14,3,10,56
"photo",2012-10-23 08:19:00,17,1,43,2,10,731
"photo",2012-10-23 08:16:00,5,0,27,2,10,135
"photo",2012-10-23 08:14:00,22,0,35,2,10,770
"photo",2012-10-23 06:39:00,1,0,24,2,10,24
"photo",2012-10-23 06:37:00,4,0,30,2,10,120
"photo",2012-10-23 03:42:00,2,0,21,2,10,42
"photo",2012-10-22 23:57:00,7,0,41,1,10,287
"photo",2012-10-22 09:35:00,1,0,15,1,10,15
"photo",2012-10-22 07:33:00,6,0,27,1,10,162
"photo",2012-10-22 07:05:00,3,0,22,1,10,66
"photo",2012-10-22 03:42:00,13,0,36,1,10,468
"photo",2012-10-22 01:17:00,18,0,10,1,10,180
"photo",2012-10-21 03:53:00,5,0,24,7,10,120
"photo",2012-10-20 10:53:00,1,0,19,6,10,19
"photo",2012-10-20 09:14:00,25,0,63,6,10,1575
"photo",2012-10-20 02:47:00,15,0,47,6,10,705
"photo",2012-10-19 10:55:00,11,0,57,5,10,627
"photo",2012-10-19 08:53:00,4,0,14,5,10,56
"photo",2012-10-19 08:30:00,5,0,35,5,10,175
"photo",2012-10-19 08:15:00,0,2,12,5,10,0
"photo",2012-10-19 04:57:00,3,0,15,5,10,45
"photo",2012-10-19 01:15:00,15,0,31,5,10,465
"photo",2012-10-18 10:37:00,5,0,45,4,10,225
"photo",2012-10-18 08:55:00,24,0,35,4,10,840
"photo",2012-10-18 08:09:00,30,0,38,4,10,1140
"photo",2012-10-18 07:19:00,11,0,26,4,10,286
"photo",2012-10-18 06:53:00,11,0,35,4,10,385
"photo",2012-10-17 08:59:00,36,0,53,3,10,1908
"photo",2012-10-17 07:38:00,0,0,26,3,10,0
"photo",2012-10-17 03:19:00,0,0,16,3,10,0
"photo",2012-10-17 02:54:00,7,0,28,3,10,196
"photo",2012-10-17 02:09:00,1,1,16,3,10,16
"photo",2012-10-16 09:15:00,16,0,26,2,10,416
"photo",2012-10-16 08:44:00,11,0,26,2,10,286
"photo",2012-10-16 08:16:00,14,0,27,2,10,378
"photo",2012-10-16 07:29:00,6,0,33,2,10,198
"photo",2012-10-16 07:14:00,8,0,27,2,10,216
"photo",2012-10-16 07:07:00,10,0,37,2,10,370
"photo",2012-10-15 08:24:00,5,1,23,1,10,115
"photo",2012-10-15 08:21:00,0,0,13,1,10,0
"photo",2012-10-15 08:19:00,8,0,17,1,10,136
"photo",2012-10-15 07:30:00,0,0,30,1,10,0
"photo",2012-10-15 07:23:00,13,0,18,1,10,234
"photo",2012-10-15 07:06:00,9,0,30,1,10,270
"photo",2012-10-15 06:57:00,7,0,26,1,10,182
"photo",2012-10-15 01:01:00,9,0,16,1,10,144
"photo",2012-10-14 07:56:00,5,0,47,7,10,235
"photo",2012-10-13 11:49:00,7,0,16,6,10,112
"photo",2012-10-13 04:53:00,9,1,13,6,10,117
"photo",2012-10-13 04:52:00,13,1,32,6,10,416
"photo",2012-10-13 01:18:00,11,0,21,6,10,231
"photo",2012-10-12 08:47:00,8,0,24,5,10,192
"photo",2012-10-12 03:58:00,4,0,22,5,10,88
"photo",2012-10-12 03:57:00,2,0,14,5,10,28
"photo",2012-10-11 12:54:00,12,3,24,4,10,288
"photo",2012-10-10 10:34:00,1,0,24,3,10,24
"photo",2012-10-10 05:04:00,20,0,18,3,10,360
"photo",2012-10-09 09:25:00,2,0,14,2,10,28
"photo",2012-10-09 08:53:00,4,0,17,2,10,68
"photo",2012-10-09 08:50:00,0,0,14,2,10,0
"photo",2012-10-09 08:46:00,0,0,16,2,10,0
"photo",2012-10-09 08:38:00,0,0,15,2,10,0
"photo",2012-10-08 04:47:00,1,0,11,1,10,11
"photo",2012-10-08 04:01:00,0,1,15,1,10,0
"photo",2012-10-08 01:35:00,1,0,15,1,10,15
"photo",2012-10-07 11:18:00,8,0,16,7,10,128
"photo",2012-10-06 23:49:00,0,0,14,6,10,0
"photo",2012-10-06 09:40:00,0,0,17,6,10,0
"photo",2012-10-06 05:24:00,0,1,0,6,10,0
"photo",2012-10-06 04:55:00,2,0,32,6,10,64
"photo",2012-10-06 01:45:00,7,5,29,6,10,203
"photo",2012-10-05 23:15:00,12,0,19,5,10,228
"photo",2012-10-05 08:26:00,5,0,49,5,10,245
"photo",2012-10-05 05:30:00,25,1,62,5,10,1550
"photo",2012-10-04 23:28:00,11,0,9,4,10,99
"photo",2012-10-04 08:57:00,7,0,33,4,10,231
"photo",2012-10-04 08:35:00,28,0,40,4,10,1120
"photo",2012-10-03 10:26:00,31,0,46,3,10,1426
"photo",2012-10-03 09:10:00,11,0,31,3,10,341
"photo",2012-10-02 23:11:00,0,0,15,2,10,0
"photo",2012-10-02 09:16:00,17,0,40,2,10,680
"photo",2012-10-02 05:15:00,5,0,20,2,10,100
"photo",2012-10-01 10:00:00,9,1,32,1,10,288
"photo",2012-10-01 09:40:00,11,1,34,1,10,374
"photo",2012-10-01 05:50:00,0,0,14,1,10,0
"photo",2012-10-01 03:32:00,10,2,16,1,10,160
"photo",2012-09-30 21:55:00,0,1,5,7,9,0
"photo",2012-09-30 21:51:00,0,0,21,7,9,0
"photo",2012-09-30 10:53:00,1,0,18,7,9,18
"photo",2012-09-30 10:21:00,6,0,14,7,9,84
"photo",2012-09-30 10:06:00,0,0,23,7,9,0
"photo",2012-09-30 09:58:00,22,0,20,7,9,440
"photo",2012-09-30 09:53:00,24,0,24,7,9,576
"photo",2012-09-30 09:12:00,30,0,24,7,9,720
"photo",2012-09-30 09:10:00,25,0,19,7,9,475
"photo",2012-09-30 01:50:00,0,0,4,7,9,0
"photo",2012-09-29 21:51:00,7,0,35,6,9,245
"photo",2012-09-29 11:19:00,4,0,15,6,9,60
"photo",2012-09-29 10:02:00,2,0,16,6,9,32
"photo",2012-09-29 09:44:00,6,0,20,6,9,120
"photo",2012-09-29 08:57:00,18,0,15,6,9,270
"photo",2012-09-29 08:24:00,4,0,23,6,9,92
"photo",2012-09-29 08:12:00,0,0,18,6,9,0
"photo",2012-09-29 08:09:00,4,0,16,6,9,64
"photo",2012-09-29 07:43:00,1,0,17,6,9,17
"photo",2012-09-29 05:30:00,11,0,15,6,9,165
"photo",2012-09-29 02:33:00,1,0,27,6,9,27
"photo",2012-09-28 09:03:00,6,0,25,5,9,150
"photo",2012-09-28 05:19:00,8,0,24,5,9,192
"photo",2012-09-28 05:15:00,0,1,14,5,9,0
"photo",2012-09-27 09:59:00,3,0,22,4,9,66
"photo",2012-09-27 09:58:00,3,0,15,4,9,45
"photo",2012-09-27 09:55:00,44,0,34,4,9,1496
"photo",2012-09-27 06:31:00,3,9,14,4,9,42
"photo",2012-09-27 04:42:00,2,0,18,4,9,36
"photo",2012-09-27 04:41:00,3,0,13,4,9,39
"photo",2012-09-27 04:30:00,1,0,14,4,9,14
"photo",2012-09-27 03:04:00,0,1,30,4,9,0
"photo",2012-09-27 01:39:00,8,0,30,4,9,240
"photo",2012-09-26 10:45:00,3,0,18,3,9,54
"photo",2012-09-26 05:12:00,2,0,24,3,9,48
"photo",2012-09-26 03:36:00,0,0,21,3,9,0
"photo",2012-09-26 03:11:00,16,0,8,3,9,128
"photo",2012-09-26 01:53:00,3,0,23,3,9,69
"photo",2012-09-25 22:15:00,2,0,27,2,9,54
"photo",2012-09-25 11:54:00,10,0,9,2,9,90
"photo",2012-09-25 08:36:00,0,0,12,2,9,0
"photo",2012-09-25 04:57:00,1,0,22,2,9,22
"photo",2012-09-25 03:36:00,6,0,18,2,9,108
"photo",2012-09-24 08:46:00,6,0,17,1,9,102
"photo",2012-09-24 08:40:00,0,0,18,1,9,0
"photo",2012-09-24 05:24:00,2,0,16,1,9,32
"photo",2012-09-24 02:05:00,0,0,16,1,9,0
"photo",2012-09-24 01:00:00,2,2,13,1,9,26
"photo",2012-09-23 11:14:00,3,0,19,7,9,57
"photo",2012-09-23 08:58:00,0,0,2,7,9,0
"photo",2012-09-23 08:31:00,1,0,17,7,9,17
"photo",2012-09-23 08:16:00,1,0,14,7,9,14
"photo",2012-09-22 21:20:00,0,0,2,6,9,0
"photo",2012-09-22 08:50:00,2,0,13,6,9,26
"photo",2012-09-22 08:28:00,0,0,1,6,9,0
"photo",2012-09-22 08:21:00,3,0,18,6,9,54
"photo",2012-09-22 08:06:00,7,0,23,6,9,161
"photo",2012-09-22 08:04:00,1,0,17,6,9,17
"photo",2012-09-22 04:27:00,6,0,17,6,9,102
"photo",2012-09-22 03:48:00,1,0,14,6,9,14
"photo",2012-09-22 02:22:00,0,1,1,6,9,0
"photo",2012-09-21 22:37:00,1,0,10,5,9,10
"photo",2012-09-21 21:04:00,12,0,13,5,9,156
"photo",2012-09-21 09:49:00,25,0,35,5,9,875
"photo",2012-09-21 05:59:00,0,0,4,5,9,0
"photo",2012-09-21 05:25:00,12,0,15,5,9,180
"photo",2012-09-21 05:15:00,6,0,11,5,9,66
"photo",2012-09-21 03:03:00,15,0,8,5,9,120
"photo",2012-09-21 02:25:00,3,0,11,5,9,33
"photo",2012-09-21 01:50:00,6,0,22,5,9,132
"photo",2012-09-20 11:25:00,6,0,10,4,9,60
"photo",2012-09-20 11:11:00,6,0,11,4,9,66
"photo",2012-09-20 02:31:00,23,0,14,4,9,322
"photo",2012-09-19 10:07:00,5,0,21,3,9,105
"photo",2012-09-19 04:30:00,4,0,26,3,9,104
"photo",2012-09-19 04:08:00,9,1,25,3,9,225
"photo",2012-09-19 02:41:00,11,0,10,3,9,110
"photo",2012-09-19 02:38:00,2,0,11,3,9,22
"photo",2012-09-19 02:30:00,7,0,22,3,9,154
"photo",2012-09-19 02:28:00,1,1,11,3,9,11
"photo",2012-09-19 02:25:00,2,1,14,3,9,28
"photo",2012-09-19 01:01:00,17,0,33,3,9,561
"photo",2012-09-18 08:28:00,7,0,19,2,9,133
"photo",2012-09-18 02:54:00,2,0,27,2,9,54
"photo",2012-09-18 01:42:00,16,0,20,2,9,320
"photo",2012-09-17 23:16:00,13,0,27,1,9,351
"photo",2012-09-17 22:35:00,18,0,19,1,9,342
"photo",2012-09-17 21:47:00,9,0,10,1,9,90
"photo",2012-09-17 10:01:00,18,1,27,1,9,486
"photo",2012-09-17 08:40:00,28,0,87,1,9,2436
"photo",2012-09-17 08:21:00,7,0,24,1,9,168
"photo",2012-09-17 01:51:00,4,0,16,1,9,64
"photo",2012-09-16 11:52:00,0,0,12,7,9,0
"photo",2012-09-16 11:44:00,5,0,16,7,9,80
"photo",2012-09-16 11:43:00,8,0,21,7,9,168
"photo",2012-09-16 10:23:00,1,1,28,7,9,28
"photo",2012-09-16 10:07:00,0,0,20,7,9,0
"photo",2012-09-16 09:51:00,3,0,15,7,9,45
"photo",2012-09-16 09:29:00,5,0,36,7,9,180
"photo",2012-09-16 09:22:00,0,0,23,7,9,0
"photo",2012-09-16 06:04:00,12,0,31,7,9,372
"photo",2012-09-16 06:01:00,0,0,19,7,9,0
"photo",2012-09-16 02:03:00,4,0,16,7,9,64
"photo",2012-09-16 01:36:00,11,0,30,7,9,330
"photo",2012-09-16 00:01:00,2,0,22,7,9,44
"photo",2012-09-15 22:50:00,1,2,14,6,9,14
"photo",2012-09-15 05:14:00,7,0,11,6,9,77
"photo",2012-09-15 04:28:00,4,0,21,6,9,84
"photo",2012-09-15 02:35:00,12,0,30,6,9,360
"photo",2012-09-13 21:56:00,13,0,37,4,9,481
"photo",2012-09-13 20:33:00,5,0,10,4,9,50
"photo",2012-09-13 11:02:00,6,0,21,4,9,126
"photo",2012-09-13 10:59:00,1,0,15,4,9,15
"photo",2012-09-13 03:53:00,3,0,19,4,9,57
"photo",2012-09-13 03:39:00,1,0,14,4,9,14
"photo",2012-09-12 02:30:00,8,0,14,3,9,112
"photo",2012-09-10 12:21:00,0,0,12,1,9,0
"photo",2012-09-10 10:04:00,12,0,14,1,9,168
"photo",2012-09-10 09:43:00,3,0,16,1,9,48
"photo",2012-09-10 08:59:00,0,0,16,1,9,0
"photo",2012-09-10 08:09:00,3,0,20,1,9,60
"photo",2012-09-10 07:36:00,10,0,30,1,9,300
"photo",2012-09-10 06:49:00,8,0,14,1,9,112
"photo",2012-09-10 00:59:00,10,0,35,1,9,350
"photo",2012-09-09 23:23:00,4,0,21,7,9,84
"photo",2012-09-09 23:05:00,7,0,20,7,9,140
"photo",2012-09-09 22:15:00,10,13,22,7,9,220
"photo",2012-09-09 10:13:00,14,0,32,7,9,448
"photo",2012-09-09 07:41:00,6,0,12,7,9,72
"photo",2012-09-09 07:28:00,6,0,11,7,9,66
"photo",2012-09-09 03:08:00,0,0,12,7,9,0
"photo",2012-09-09 02:06:00,0,0,12,7,9,0
"photo",2012-09-09 02:01:00,1,0,16,7,9,16
"photo",2012-09-09 00:29:00,5,1,21,7,9,105
"photo",2012-09-08 14:02:00,2,0,14,6,9,28
"photo",2012-09-08 08:28:00,3,0,16,6,9,48
"photo",2012-09-08 02:40:00,0,0,14,6,9,0
"photo",2012-09-07 07:39:00,12,0,22,5,9,264
"photo",2012-09-07 07:35:00,0,0,18,5,9,0
"photo",2012-09-07 04:32:00,10,0,25,5,9,250
"photo",2012-09-07 00:21:00,28,0,22,5,9,616
"photo",2012-09-06 23:17:00,6,0,9,4,9,54
"photo",2012-09-06 09:16:00,3,0,16,4,9,48
"photo",2012-09-06 09:01:00,7,0,16,4,9,112
"photo",2012-09-06 08:43:00,5,0,25,4,9,125
"photo",2012-09-06 08:38:00,5,0,12,4,9,60
"photo",2012-09-06 03:06:00,2,0,18,4,9,36
"photo",2012-09-06 02:52:00,12,0,19,4,9,228
"photo",2012-09-06 02:03:00,0,0,25,4,9,0
"photo",2012-09-06 01:48:00,11,0,23,4,9,253
"photo",2012-09-06 01:13:00,3,0,14,4,9,42
"photo",2012-09-05 10:28:00,3,0,24,3,9,72
"photo",2012-09-05 09:33:00,8,0,36,3,9,288
"photo",2012-09-05 09:00:00,6,0,22,3,9,132
"photo",2012-09-05 04:15:00,6,0,28,3,9,168
"photo",2012-09-04 22:18:00,10,0,15,2,9,150
"photo",2012-09-04 09:58:00,5,0,22,2,9,110
"photo",2012-09-04 09:41:00,1,0,21,2,9,21
"photo",2012-09-04 03:01:00,7,0,32,2,9,224
"photo",2012-09-03 23:35:00,1,3,19,1,9,19
"photo",2012-09-03 22:27:00,5,0,12,1,9,60
"photo",2012-09-02 21:01:00,3,0,12,7,9,36
"photo",2012-09-02 08:50:00,11,0,22,7,9,242
"photo",2012-09-02 08:40:00,2,0,17,7,9,34
"photo",2012-09-02 02:54:00,0,0,13,7,9,0
"photo",2012-09-01 09:24:00,2,2,24,6,9,48
"photo",2012-09-01 09:06:00,10,0,16,6,9,160
"photo",2012-09-01 06:30:00,17,1,19,6,9,323
"photo",2012-09-01 06:18:00,13,0,31,6,9,403
"photo",2012-09-01 04:42:00,4,0,11,6,9,44
"photo",2012-09-01 00:41:00,0,0,21,6,9,0
"photo",2012-09-01 00:28:00,5,0,17,6,9,85
"photo",2012-09-01 00:04:00,0,0,23,6,9,0
"photo",2012-08-31 23:42:00,2,2,17,5,8,34
"photo",2012-08-31 12:32:00,2,2,23,5,8,46
"photo",2012-08-31 10:40:00,3,0,16,5,8,48
"photo",2012-08-31 01:02:00,4,0,22,5,8,88
"photo",2012-08-30 23:17:00,7,0,14,4,8,98
"photo",2012-08-30 22:56:00,2,0,25,4,8,50
"photo",2012-08-30 10:05:00,6,0,19,4,8,114
"photo",2012-08-30 09:00:00,4,0,11,4,8,44
"photo",2012-08-30 08:56:00,12,0,21,4,8,252
"photo",2012-08-30 04:06:00,2,0,12,4,8,24
"photo",2012-08-30 02:41:00,14,0,12,4,8,168
"photo",2012-08-29 21:52:00,0,0,12,3,8,0
"photo",2012-08-29 08:45:00,5,0,36,3,8,180
"photo",2012-08-29 02:24:00,1,0,12,3,8,12
"photo",2012-08-29 00:02:00,0,0,11,3,8,0
"photo",2012-08-28 03:03:00,10,0,38,2,8,380
"photo",2012-08-27 22:24:00,8,0,37,1,8,296
"photo",2012-08-27 10:29:00,10,0,49,1,8,490
"photo",2012-08-27 06:20:00,1,0,11,1,8,11
"photo",2012-08-27 05:22:00,5,0,10,1,8,50
"photo",2012-08-27 04:34:00,4,0,9,1,8,36
"photo",2012-08-27 04:32:00,4,0,13,1,8,52
"photo",2012-08-27 04:06:00,4,0,18,1,8,72
"photo",2012-08-27 00:20:00,0,0,15,1,8,0
"photo",2012-08-26 09:20:00,0,0,14,7,8,0
"photo",2012-08-26 04:38:00,1,0,21,7,8,21
"photo",2012-08-26 04:21:00,3,0,14,7,8,42
"photo",2012-08-26 04:15:00,3,0,16,7,8,48
"photo",2012-08-26 03:54:00,4,0,12,7,8,48
"photo",2012-08-26 03:52:00,2,0,12,7,8,24
"photo",2012-08-26 03:42:00,5,0,23,7,8,115
"photo",2012-08-26 03:39:00,9,1,35,7,8,315
"photo",2012-08-26 02:06:00,4,0,18,7,8,72
"photo",2012-08-25 22:56:00,1,0,12,6,8,12
"photo",2012-08-25 22:49:00,1,0,25,6,8,25
"photo",2012-08-25 05:00:00,10,0,19,6,8,190
"photo",2012-08-25 04:25:00,5,0,13,6,8,65
"photo",2012-08-25 03:41:00,11,0,14,6,8,154
"photo",2012-08-25 02:16:00,13,0,36,6,8,468
"photo",2012-08-25 00:59:00,13,0,37,6,8,481
"photo",2012-08-24 09:26:00,8,0,16,5,8,128
"photo",2012-08-24 09:24:00,15,0,25,5,8,375
"photo",2012-08-24 09:19:00,4,0,28,5,8,112
"photo",2012-08-24 08:22:00,3,0,26,5,8,78
"photo",2012-08-24 06:43:00,6,0,32,5,8,192
"photo",2012-08-24 06:28:00,12,0,35,5,8,420
"photo",2012-08-24 06:16:00,2,0,26,5,8,52
"photo",2012-08-24 05:26:00,3,0,21,5,8,63
"photo",2012-08-24 05:16:00,12,0,34,5,8,408
"photo",2012-08-24 00:13:00,7,0,10,5,8,70
"photo",2012-08-22 23:40:00,10,0,20,3,8,200
"photo",2012-08-22 23:39:00,6,0,25,3,8,150
"photo",2012-08-22 23:23:00,6,0,39,3,8,234
"photo",2012-08-22 09:46:00,3,0,17,3,8,51
"photo",2012-08-22 09:44:00,11,0,26,3,8,286
"photo",2012-08-22 09:42:00,3,0,17,3,8,51
"photo",2012-08-22 09:39:00,12,0,38,3,8,456
"photo",2012-08-22 09:25:00,2,0,18,3,8,36
"photo",2012-08-22 09:22:00,10,0,24,3,8,240
"photo",2012-08-22 09:21:00,18,0,45,3,8,810
"photo",2012-08-22 08:35:00,0,0,15,3,8,0
"photo",2012-08-22 07:52:00,0,0,12,3,8,0
"photo",2012-08-22 03:56:00,3,0,20,3,8,60
"photo",2012-08-22 00:54:00,22,0,37,3,8,814
"photo",2012-08-22 00:25:00,0,0,12,3,8,0
"photo",2012-08-22 00:06:00,1,0,26,3,8,26
"photo",2012-08-21 22:52:00,9,0,18,2,8,162
"photo",2012-08-21 22:31:00,13,0,10,2,8,130
"photo",2012-08-21 20:23:00,15,0,12,2,8,180
"photo",2012-08-21 11:19:00,5,1,16,2,8,80
"photo",2012-08-21 09:47:00,21,0,25,2,8,525
"photo",2012-08-21 02:30:00,17,0,9,2,8,153
"photo",2012-08-21 02:00:00,0,0,13,2,8,0
"photo",2012-08-21 01:21:00,9,0,13,2,8,117
"photo",2012-08-20 23:14:00,3,0,15,1,8,45
"photo",2012-08-20 22:31:00,27,0,12,1,8,324
"photo",2012-08-20 22:14:00,8,2,14,1,8,112
"photo",2012-08-20 22:06:00,12,1,21,1,8,252
"photo",2012-08-20 08:40:00,14,0,21,1,8,294
"photo",2012-08-20 05:44:00,5,0,28,1,8,140
"photo",2012-08-20 05:01:00,0,1,14,1,8,0
"photo",2012-08-20 04:27:00,2,0,19,1,8,38
"photo",2012-08-20 04:12:00,0,1,13,1,8,0
"photo",2012-08-20 02:56:00,2,0,15,1,8,30
"photo",2012-08-20 02:43:00,1,0,23,1,8,23
"photo",2012-08-20 02:12:00,16,0,31,1,8,496
"photo",2012-08-20 01:59:00,0,0,14,1,8,0
"photo",2012-08-20 01:54:00,18,0,5,1,8,90
"photo",2012-08-20 01:20:00,3,0,21,1,8,63
"photo",2012-08-20 01:19:00,0,0,15,1,8,0
"photo",2012-08-19 23:27:00,4,0,23,7,8,92
"photo",2012-08-19 23:26:00,0,0,16,7,8,0
"photo",2012-08-19 10:22:00,12,2,22,7,8,264
"photo",2012-08-19 09:38:00,11,0,15,7,8,165
"photo",2012-08-19 08:39:00,32,0,23,7,8,736
"photo",2012-08-19 05:56:00,7,0,27,7,8,189
"photo",2012-08-19 04:45:00,2,0,20,7,8,40
"photo",2012-08-19 04:44:00,12,0,18,7,8,216
"photo",2012-08-19 02:05:00,6,0,30,7,8,180
"photo",2012-08-19 00:31:00,3,0,16,7,8,48
"photo",2012-08-19 00:30:00,13,0,14,7,8,182
"photo",2012-08-19 00:16:00,0,0,18,7,8,0
"photo",2012-08-19 00:15:00,11,0,26,7,8,286
"photo",2012-08-18 23:39:00,4,0,19,6,8,76
"photo",2012-08-18 23:38:00,2,0,14,6,8,28
"photo",2012-08-18 23:26:00,5,0,20,6,8,100
"photo",2012-08-18 11:29:00,3,0,20,6,8,60
"photo",2012-08-18 11:07:00,0,0,15,6,8,0
"photo",2012-08-18 09:10:00,12,0,15,6,8,180
"photo",2012-08-18 09:05:00,1,0,13,6,8,13
"photo",2012-08-18 05:34:00,5,0,21,6,8,105
"photo",2012-08-18 05:26:00,6,0,31,6,8,186
"photo",2012-08-18 05:09:00,11,0,26,6,8,286
"photo",2012-08-17 10:58:00,9,6,27,5,8,243
"photo",2012-08-17 10:47:00,11,0,21,5,8,231
"photo",2012-08-17 08:38:00,22,1,21,5,8,462
"photo",2012-08-17 08:28:00,9,0,24,5,8,216
"photo",2012-08-17 08:22:00,25,2,17,5,8,425
"photo",2012-08-17 08:19:00,5,0,18,5,8,90
"photo",2012-08-17 08:07:00,4,0,13,5,8,52
"photo",2012-08-17 08:00:00,7,0,14,5,8,98
"photo",2012-08-17 02:42:00,17,0,25,5,8,425
"photo",2012-08-16 09:29:00,21,0,10,4,8,210
"photo",2012-08-16 09:17:00,5,0,12,4,8,60
"photo",2012-08-15 09:12:00,21,0,26,3,8,546
"photo",2012-08-15 08:50:00,11,0,24,3,8,264
"photo",2012-08-15 08:46:00,2,0,16,3,8,32
"photo",2012-08-15 02:50:00,4,0,25,3,8,100
"photo",2012-08-15 02:22:00,1,0,18,3,8,18
"photo",2012-08-15 02:22:00,5,0,17,3,8,85
"photo",2012-08-15 01:55:00,15,0,24,3,8,360
"photo",2012-08-14 12:41:00,2,0,13,2,8,26
"photo",2012-08-14 09:49:00,18,0,20,2,8,360
"photo",2012-08-14 09:46:00,6,1,21,2,8,126
"photo",2012-08-14 09:44:00,8,0,21,2,8,168
"photo",2012-08-14 09:35:00,8,0,13,2,8,104
"photo",2012-08-14 09:26:00,3,0,16,2,8,48
"photo",2012-08-14 09:17:00,5,0,14,2,8,70
"photo",2012-08-14 08:39:00,1,0,16,2,8,16
"photo",2012-08-14 08:18:00,10,0,19,2,8,190
"photo",2012-08-14 04:09:00,4,0,18,2,8,72
"photo",2012-08-14 01:12:00,5,0,20,2,8,100
"photo",2012-08-14 00:47:00,9,0,19,2,8,171
"photo",2012-08-13 09:34:00,3,0,19,1,8,57
"photo",2012-08-13 08:20:00,6,0,9,1,8,54
"photo",2012-08-13 04:02:00,17,0,21,1,8,357
"photo",2012-08-13 02:08:00,5,3,29,1,8,145
"photo",2012-08-13 01:20:00,0,0,14,1,8,0
"photo",2012-08-12 10:52:00,18,0,20,7,8,360
"photo",2012-08-12 10:17:00,18,0,27,7,8,486
"photo",2012-08-12 08:28:00,5,0,21,7,8,105
"photo",2012-08-12 08:17:00,0,0,12,7,8,0
"photo",2012-08-12 02:54:00,5,0,23,7,8,115
"photo",2012-08-12 00:55:00,3,0,22,7,8,66
"photo",2012-08-11 23:32:00,7,0,29,6,8,203
"photo",2012-08-11 09:41:00,13,1,26,6,8,338
"photo",2012-08-11 09:17:00,11,0,23,6,8,253
"photo",2012-08-11 08:13:00,16,0,16,6,8,256
"photo",2012-08-11 07:53:00,4,1,22,6,8,88
"photo",2012-08-11 07:52:00,4,0,18,6,8,72
"photo",2012-08-11 06:19:00,12,0,39,6,8,468
"photo",2012-08-11 04:30:00,19,0,25,6,8,475
"photo",2012-08-11 03:37:00,9,0,15,6,8,135
"photo",2012-08-10 11:13:00,3,0,20,5,8,60
"photo",2012-08-10 11:06:00,2,0,24,5,8,48
"photo",2012-08-10 09:23:00,4,0,30,5,8,120
"photo",2012-08-10 08:03:00,8,0,18,5,8,144
"photo",2012-08-10 07:56:00,5,0,22,5,8,110
"photo",2012-08-10 05:26:00,7,0,18,5,8,126
"photo",2012-08-10 03:06:00,37,0,22,5,8,814
"photo",2012-08-10 01:42:00,12,0,17,5,8,204
"photo",2012-08-09 07:46:00,0,0,19,4,8,0
"photo",2012-08-09 07:45:00,7,1,15,4,8,105
"photo",2012-08-09 03:24:00,16,0,36,4,8,576
"photo",2012-08-09 02:04:00,9,0,18,4,8,162
"photo",2012-08-09 01:04:00,7,0,9,4,8,63
"photo",2012-08-08 09:20:00,13,0,25,3,8,325
"photo",2012-08-08 09:17:00,11,0,22,3,8,242
"photo",2012-08-08 05:19:00,13,0,17,3,8,221
"photo",2012-08-07 21:47:00,9,0,10,2,8,90
"photo",2012-08-07 21:37:00,1,1,13,2,8,13
"photo",2012-08-06 02:55:00,47,0,33,1,8,1551
"photo",2012-08-06 02:53:00,13,0,14,1,8,182
"photo",2012-08-05 23:50:00,6,0,10,7,8,60
"photo",2012-08-05 23:20:00,0,0,14,7,8,0
"photo",2012-08-05 10:24:00,0,0,15,7,8,0
"photo",2012-08-05 09:55:00,1,0,18,7,8,18
"photo",2012-08-05 09:53:00,2,0,14,7,8,28
"photo",2012-08-05 02:04:00,7,1,32,7,8,224
"photo",2012-08-05 00:03:00,1,0,14,7,8,14
"photo",2012-08-04 22:47:00,10,0,13,6,8,130
"photo",2012-08-04 05:29:00,4,0,12,6,8,48
"photo",2012-08-04 05:13:00,15,0,15,6,8,225
"photo",2012-08-04 03:33:00,0,0,14,6,8,0
"photo",2012-08-03 05:15:00,4,0,23,5,8,92
"photo",2012-08-02 01:46:00,0,0,18,4,8,0
"photo",2012-08-01 22:32:00,1,0,21,3,8,21
"photo",2012-08-01 22:29:00,2,0,15,3,8,30
"photo",2012-08-01 07:38:00,3,0,13,3,8,39
"photo",2012-07-31 10:12:00,0,0,13,2,7,0
"photo",2012-07-30 06:47:00,3,0,18,1,7,54
"photo",2012-07-29 23:53:00,5,0,18,7,7,90
"photo",2012-07-29 08:20:00,0,0,12,7,7,0
"photo",2012-07-29 01:57:00,0,0,12,7,7,0
"photo",2012-07-28 07:32:00,1,0,19,6,7,19
"photo",2012-07-28 04:37:00,9,0,29,6,7,261
"photo",2012-07-28 02:42:00,1,0,12,6,7,12
"photo",2012-07-27 05:58:00,2,0,13,5,7,26
"photo",2012-07-27 00:15:00,0,1,12,5,7,0
"photo",2012-07-27 00:04:00,3,0,19,5,7,57
"photo",2012-07-26 23:41:00,8,0,22,4,7,176
"photo",2012-07-26 23:25:00,6,1,38,4,7,228
"photo",2012-07-26 10:28:00,7,0,17,4,7,119
"photo",2012-07-26 09:24:00,7,2,37,4,7,259
"photo",2012-07-26 03:41:00,7,0,28,4,7,196
"photo",2012-07-25 23:28:00,5,1,22,3,7,110
"photo",2012-07-25 23:26:00,2,0,28,3,7,56
"photo",2012-07-25 07:53:00,30,0,19,3,7,570
"photo",2012-07-25 07:51:00,12,0,33,3,7,396
"photo",2012-07-25 05:02:00,3,0,18,3,7,54
"photo",2012-07-25 03:32:00,7,0,16,3,7,112
"photo",2012-07-24 23:57:00,4,0,32,2,7,128
"photo",2012-07-24 23:56:00,7,0,30,2,7,210
"photo",2012-07-24 10:35:00,5,0,20,2,7,100
"photo",2012-07-24 10:35:00,2,0,16,2,7,32
"photo",2012-07-24 08:49:00,18,1,36,2,7,648
"photo",2012-07-24 01:32:00,4,1,30,2,7,120
"photo",2012-07-24 00:03:00,2,0,22,2,7,44
"photo",2012-07-23 01:39:00,14,0,34,1,7,476
"photo",2012-07-22 22:43:00,3,0,19,7,7,57
"photo",2012-07-22 09:21:00,5,0,15,7,7,75
"photo",2012-07-22 04:30:00,1,0,12,7,7,12
"photo",2012-07-22 01:26:00,32,0,23,7,7,736
"photo",2012-07-21 22:31:00,2,0,13,6,7,26
"photo",2012-07-21 07:49:00,4,0,17,6,7,68
"photo",2012-07-20 08:43:00,33,0,30,5,7,990
"photo",2012-07-20 08:02:00,1,0,32,5,7,32
"photo",2012-07-20 06:51:00,4,0,12,5,7,48
"photo",2012-07-19 23:52:00,24,0,32,4,7,768
"photo",2012-07-19 23:20:00,6,0,23,4,7,138
"photo",2012-07-19 06:54:00,2,0,34,4,7,68
"photo",2012-07-19 05:49:00,19,0,62,4,7,1178
"photo",2012-07-18 23:57:00,20,0,18,3,7,360
"photo",2012-07-18 23:46:00,2,0,10,3,7,20
"photo",2012-07-18 23:31:00,0,0,16,3,7,0
"photo",2012-07-18 09:31:00,5,0,23,3,7,115
"photo",2012-07-18 09:24:00,0,0,14,3,7,0
"photo",2012-07-18 09:21:00,7,0,20,3,7,140
"photo",2012-07-18 09:17:00,8,0,25,3,7,200
"photo",2012-07-18 05:04:00,7,0,19,3,7,133
"photo",2012-07-18 04:12:00,2,0,17,3,7,34
"photo",2012-07-18 00:27:00,13,0,15,3,7,195
"photo",2012-07-18 00:17:00,9,0,25,3,7,225
"photo",2012-07-17 23:20:00,2,0,18,2,7,36
"photo",2012-07-17 07:49:00,3,0,13,2,7,39
"photo",2012-07-17 04:14:00,2,0,19,2,7,38
"photo",2012-07-16 23:25:00,10,2,29,1,7,290
"photo",2012-07-16 22:03:00,3,0,13,1,7,39
"photo",2012-07-16 09:38:00,0,0,25,1,7,0
"photo",2012-07-16 09:05:00,0,0,21,1,7,0
"photo",2012-07-16 08:46:00,17,2,48,1,7,816
"photo",2012-07-16 08:33:00,0,0,22,1,7,0
"photo",2012-07-16 08:20:00,1,0,20,1,7,20
"photo",2012-07-16 08:01:00,14,0,14,1,7,196
"photo",2012-07-16 01:50:00,17,0,31,1,7,527
"photo",2012-07-15 23:49:00,3,0,12,7,7,36
"photo",2012-07-15 08:54:00,39,0,24,7,7,936
"photo",2012-07-15 06:37:00,5,0,10,7,7,50
"photo",2012-07-15 06:36:00,3,0,21,7,7,63
"photo",2012-07-15 06:35:00,0,0,18,7,7,0
"photo",2012-07-15 05:26:00,1,0,14,7,7,14
"photo",2012-07-15 05:07:00,11,0,15,7,7,165
"photo",2012-07-15 04:09:00,4,0,13,7,7,52
"photo",2012-07-15 04:04:00,4,0,12,7,7,48
"photo",2012-07-15 04:00:00,2,0,13,7,7,26
"photo",2012-07-15 03:54:00,17,3,19,7,7,323
"photo",2012-07-15 03:42:00,3,0,12,7,7,36
"photo",2012-07-15 03:32:00,1,0,14,7,7,14
"photo",2012-07-15 02:58:00,7,0,14,7,7,98
"photo",2012-07-15 02:51:00,3,0,15,7,7,45
